t,u,y,yT
0,-5.9744,-0.00074363,-0.00052487
0.002,4.7916,-0.001637,-0.0013026
0.004,15.533,-0.0025249,-0.0025323
0.006,26.186,-0.003403,-0.0037803
0.008,36.689,-0.0042672,-0.005381
0.01,46.98,-0.0051133,-0.0056419
0.012,56.999,-0.0059373,-0.0066031
0.014,66.688,-0.0067352,-0.0065505
0.016,75.99,-0.0075033,-0.006703
0.018,84.852,-0.008238,-0.0058278
0.02,93.221,-0.0089359,-0.0094421
0.022,101.05,-0.0095939,-0.0076923
0.024,108.29,-0.010209,-0.0061735
0.026,114.91,-0.010778,-0.012723
0.028,120.87,-0.011299,-0.011164
0.03,126.12,-0.01177,-0.012481
0.032,130.65,-0.012189,-0.010087
0.034,134.44,-0.012554,-0.01215
0.036,137.45,-0.012863,-0.013109
0.038,139.68,-0.013117,-0.017521
0.04,141.11,-0.013314,-0.014636
0.042,141.75,-0.013453,-0.012016
0.044,141.58,-0.013536,-0.012934
0.046,140.62,-0.013562,-0.011283
0.048,138.88,-0.013531,-0.015738
0.05,136.36,-0.013445,-0.012651
0.052,133.1,-0.013306,-0.015971
0.054,129.1,-0.013113,-0.012537
0.056,124.41,-0.01287,-0.012662
0.058,119.05,-0.012578,-0.010525
0.06,113.06,-0.01224,-0.010752
0.062,106.49,-0.011858,-0.013827
0.064,99.363,-0.011435,-0.01319
0.066,91.743,-0.010974,-0.01085
0.068,83.675,-0.010478,-0.012317
0.07,75.213,-0.0099509,-0.010345
0.072,66.412,-0.0093958,-0.0074735
0.074,57.328,-0.0088165,-0.0075897
0.076,48.021,-0.0082165,-0.0072578
0.078,38.551,-0.0075998,-0.0071848
0.08,28.978,-0.0069701,-0.0071819
0.082,19.363,-0.0063314,-0.0065055
0.084,9.7682,-0.0056875,-0.0051312
0.086,0.25382,-0.0050422,-0.0052794
0.088,-9.1198,-0.0043995,-0.0037183
0.09,-18.294,-0.0037629,-0.0039407
0.092,-27.211,-0.0031361,-0.0022545
0.094,-35.815,-0.0025227,-0.0024635
0.096,-44.053,-0.0019261,-0.0021891
0.098,-51.873,-0.0013494,-0.0013786
0.1,-59.229,-0.00079564,-0.00096176
0.102,-66.076,-0.00026775,-0.00025744
0.104,-72.371,0.00023166,0.00023839
0.106,-78.077,0.00070021,0.00065301
0.108,-83.162,0.0011357,0.0010898
0.11,-87.595,0.0015364,0.0016954
0.112,-91.351,0.0019004,0.0020107
0.114,-94.41,0.0022266,0.0017163
0.116,-96.756,0.0025138,0.0024795
0.118,-98.377,0.0027612,0.0029724
0.12,-99.268,0.0029684,0.0027487
0.122,-99.427,0.0031352,0.0026576
0.124,-98.857,0.0032616,0.003368
0.126,-97.566,0.0033481,0.0037013
0.128,-95.567,0.0033953,0.0039011
0.13,-92.878,0.0034042,0.0046702
0.132,-89.521,0.003376,0.0039385
0.134,-85.522,0.0033122,0.0035515
0.136,-80.911,0.0032146,0.0034893
0.138,-75.725,0.003085,0.0034639
0.14,-70,0.0029257,0.0031928
0.142,-63.779,0.0027392,0.0026268
0.144,-57.108,0.0025279,0.0018666
0.146,-50.034,0.0022947,0.0023011
0.148,-42.608,0.0020425,0.001588
0.15,-34.884,0.0017742,0.0017257
0.152,-26.916,0.0014931,0.0013791
0.154,-18.762,0.0012024,0.0011714
0.156,-10.479,0.00090542,0.0011222
0.158,-2.1254,0.0006054,0.00071396
0.16,6.2389,0.00030574,0.00039613
0.162,14.555,9.7547e-06,9.1475e-06
0.164,22.764,-0.00027924,-0.000204
0.166,30.807,-0.00055799,-0.00066652
0.168,38.628,-0.00082334,-0.00088237
0.17,46.17,-0.0010722,-0.0011014
0.172,53.38,-0.0013017,-0.0010527
0.174,60.207,-0.0015089,-0.0015266
0.176,66.601,-0.0016913,-0.0014688
0.178,72.515,-0.0018464,-0.0017934
0.18,77.907,-0.001972,-0.0017504
0.182,82.738,-0.0020659,-0.0019013
0.184,86.97,-0.0021265,-0.0026486
0.186,90.572,-0.0021521,-0.0027929
0.188,93.516,-0.0021415,-0.0019692
0.19,95.778,-0.0020936,-0.0019282
0.192,97.34,-0.0020077,-0.002218
0.194,98.186,-0.0018833,-0.0021099
0.196,98.308,-0.0017202,-0.0013125
0.198,97.7,-0.0015186,-0.0013409
0.2,96.361,-0.0012788,-0.0010594
0.202,94.298,-0.0010015,-0.001071
0.204,91.519,-0.00068763,-0.00082023
0.206,88.038,-0.00033855,-0.00031946
0.208,83.874,4.4263e-05,4.8299e-05
0.21,79.052,0.00045901,0.00040795
0.212,73.599,0.00090363,0.0008428
0.214,67.546,0.0013758,0.0016396
0.216,60.931,0.0018731,0.0019291
0.218,53.793,0.0023927,0.0025924
0.22,46.176,0.0029316,0.0033188
0.222,38.127,0.0034869,0.0029304
0.224,29.695,0.0040551,0.0045677
0.226,20.934,0.0046329,0.0041072
0.228,11.897,0.0052167,0.0059847
0.23,2.6416,0.0058029,0.0065801
0.232,-6.7736,0.0063878,0.0076793
0.234,-16.289,0.0069677,0.0074257
0.236,-25.844,0.0075387,0.0084069
0.238,-35.377,0.0080972,0.0075708
0.24,-44.828,0.0086393,0.0067263
0.242,-54.136,0.0091613,0.0084604
0.244,-63.24,0.0096596,0.010659
0.246,-72.081,0.010131,0.0094352
0.248,-80.603,0.010571,0.010767
0.25,-88.748,0.010978,0.012746
0.252,-96.463,0.011347,0.014024
0.254,-103.7,0.011676,0.011541
0.256,-110.4,0.011963,0.01047
0.258,-116.53,0.012205,0.010907
0.26,-122.05,0.012399,0.015903
0.262,-126.91,0.012543,0.0090661
0.264,-131.09,0.012637,0.013031
0.266,-134.55,0.012677,0.012062
0.268,-137.26,0.012664,0.012494
0.27,-139.21,0.012596,0.0092373
0.272,-140.38,0.012473,0.0097297
0.274,-140.77,0.012294,0.015214
0.276,-140.35,0.01206,0.0088855
0.278,-139.14,0.01177,0.014447
0.28,-137.13,0.011427,0.01089
0.282,-134.34,0.01103,0.010628
0.284,-130.77,0.010581,0.0099968
0.286,-126.45,0.010081,0.0086851
0.288,-121.39,0.0095331,0.010537
0.29,-115.63,0.0089389,0.0084824
0.292,-109.2,0.0083009,0.0087766
0.294,-102.13,0.0076218,0.0087203
0.296,-94.47,0.0069047,0.0072576
0.298,-86.251,0.0061528,0.006124
0.3,-77.527,0.0053695,0.006417
0.302,-68.347,0.0045583,0.0037537
0.304,-58.765,0.0037231,0.0031778
0.306,-48.835,0.0028678,0.0027888
0.308,-38.617,0.0019964,0.0014435
0.31,-28.169,0.0011131,0.0012121
0.312,-17.553,0.00022209,0.00020269
0.314,-6.831,-0.00067238,-0.00063797
0.316,3.9343,-0.001566,-0.0014315
0.318,14.68,-0.0024545,-0.0031862
0.32,25.342,-0.0033336,-0.0030294
0.322,35.859,-0.004199,-0.0041889
0.324,46.17,-0.0050467,-0.0046688
0.326,56.213,-0.0058726,-0.0060158
0.328,65.93,-0.0066727,-0.006719
0.33,75.265,-0.0074433,-0.0082674
0.332,84.163,-0.0081808,-0.0067205
0.334,92.574,-0.0088818,-0.0084199
0.336,100.45,-0.009543,-0.0069432
0.338,107.74,-0.010161,-0.010564
0.34,114.41,-0.010735,-0.012244
0.342,120.42,-0.01126,-0.011949
0.344,125.73,-0.011734,-0.010261
0.346,130.32,-0.012157,-0.013094
0.348,134.16,-0.012526,-0.01153
0.35,137.24,-0.012841,-0.012531
0.352,139.53,-0.013099,-0.014054
0.354,141.03,-0.0133,-0.010049
0.356,141.73,-0.013444,-0.011648
0.358,141.62,-0.013531,-0.012626
0.36,140.73,-0.013562,-0.014101
0.362,139.04,-0.013536,-0.013077
0.364,136.59,-0.013454,-0.013135
0.366,133.38,-0.013319,-0.012354
0.368,129.45,-0.01313,-0.016735
0.37,124.81,-0.012891,-0.013511
0.372,119.5,-0.012603,-0.010769
0.374,113.56,-0.012268,-0.013038
0.376,107.03,-0.01189,-0.0080811
0.378,99.949,-0.01147,-0.013036
0.38,92.367,-0.011012,-0.0074459
0.382,84.333,-0.010519,-0.011461
0.384,75.9,-0.009994,-0.0074777
0.386,67.124,-0.009441,-0.0091317
0.388,58.06,-0.0088634,-0.0071175
0.39,48.769,-0.008265,-0.0085471
0.392,39.309,-0.0076494,-0.0068776
0.394,29.742,-0.0070206,-0.0065523
0.396,20.129,-0.0063825,-0.0080361
0.398,10.53,-0.0057389,-0.0048686
0.4,1.0071,-0.0050936,-0.0057422
0.402,-8.3799,-0.0044505,-0.0039386
0.404,-17.572,-0.0038133,-0.0035841
0.406,-26.511,-0.0031856,-0.0037925
0.408,-35.142,-0.002571,-0.0027554
0.41,-43.411,-0.0019729,-0.0021039
0.412,-51.267,-0.0013945,-0.0016359
0.414,-58.662,-0.00083882,-0.00076482
0.416,-65.55,-0.00030878,-0.00030106
0.418,-71.89,0.00019299,0.00020447
0.42,-77.645,0.00066408,0.00068655
0.422,-82.78,0.0011023,0.0012539
0.424,-87.266,0.0015058,0.0011083
0.426,-91.077,0.0018728,0.0016178
0.428,-94.192,0.002202,0.0017854
0.43,-96.595,0.0024924,0.0019141
0.432,-98.275,0.002743,0.0029849
0.434,-99.224,0.0029534,0.0027573
0.436,-99.441,0.0031234,0.0026285
0.438,-98.929,0.003253,0.0031555
0.44,-97.695,0.0033427,0.002471
0.442,-95.752,0.003393,0.0027704
0.444,-93.117,0.0034049,0.0035645
0.446,-89.812,0.0033796,0.0025025
0.448,-85.863,0.0033186,0.0040671
0.45,-81.3,0.0032235,0.0025877
0.452,-76.158,0.0030964,0.0030708
0.454,-70.474,0.0029394,0.0026198
0.456,-64.292,0.002755,0.0026847
0.458,-57.654,0.0025456,0.0027029
0.46,-50.611,0.002314,0.0027386
0.462,-43.211,0.0020632,0.0024393
0.464,-35.509,0.0017961,0.0016813
0.466,-27.558,0.0015159,0.0014751
0.468,-19.417,0.0012259,0.0012708
0.47,-11.142,0.00092923,0.0011605
0.472,-2.7918,0.00062933,0.00071424
0.474,5.5738,0.00032951,0.0002485
0.476,13.896,3.3112e-05,2.9468e-05
0.478,22.115,-0.00025656,-0.00021325
0.48,30.174,-0.00053624,-0.00046061
0.482,38.014,-0.00080278,-0.00088904
0.484,45.581,-0.0010531,-0.00097892
0.486,52.82,-0.0012842,-0.0015924
0.488,59.679,-0.0014933,-0.0016111
0.49,66.109,-0.0016778,-0.0017586
0.492,72.063,-0.0018351,-0.0024119
0.494,77.498,-0.0019631,-0.0018482
0.496,82.374,-0.0020596,-0.0021736
0.498,86.655,-0.0021229,-0.0023179
0.5,90.309,-0.0021514,-0.0019438
0.502,93.306,-0.0021437,-0.0022037
0.504,95.623,-0.0020988,-0.0016524
0.506,97.242,-0.002016,-0.0023285
0.508,98.145,-0.0018946,-0.0024341
0.51,98.325,-0.0017346,-0.0018148
0.512,97.775,-0.001536,-0.0010318
0.514,96.495,-0.0012992,-0.0016659
0.516,94.489,-0.0010249,-0.0008281
0.518,91.766,-0.00071393,-0.00057799
0.52,88.34,-0.0003676,-0.0003201
0.522,84.23,1.2584e-05,1.2076e-05
0.524,79.46,0.00042486,0.00033637
0.526,74.055,0.00086718,0.0012638
0.528,68.049,0.0013373,0.0011504
0.53,61.478,0.0018326,0.0020758
0.532,54.38,0.0023506,0.002592
0.534,46.799,0.0028881,0.0025213
0.536,38.783,0.0034421,0.0029671
0.538,30.38,0.0040094,0.005021
0.54,21.642,0.0045866,0.0050854
0.542,12.625,0.0051701,0.0043161
0.544,3.3852,0.0057562,0.0055145
0.546,-6.0194,0.0063414,0.0062341
0.548,-15.529,0.0069218,0.0075839
0.55,-25.083,0.0074937,0.0085919
0.552,-34.62,0.0080533,0.0092648
0.554,-44.08,0.0085968,0.0098542
0.556,-53.401,0.0091205,0.0095279
0.558,-62.524,0.0096209,0.012049
0.56,-71.388,0.010094,0.0088203
0.562,-79.937,0.010537,0.013828
0.564,-88.114,0.010947,0.012062
0.566,-95.866,0.011319,0.013796
0.568,-103.14,0.011652,0.011265
0.57,-109.89,0.011942,0.010556
0.572,-116.07,0.012187,0.013172
0.574,-121.63,0.012385,0.01327
0.576,-126.55,0.012534,0.013455
0.578,-130.78,0.012631,0.013021
0.58,-134.3,0.012676,0.013969
0.582,-137.07,0.012667,0.013617
0.584,-139.08,0.012604,0.011148
0.586,-140.32,0.012485,0.009925
0.588,-140.77,0.01231,0.013157
0.59,-140.41,0.01208,0.012393
0.592,-139.26,0.011795,0.012672
0.594,-137.32,0.011456,0.0089062
0.596,-134.59,0.011063,0.0099901
0.598,-131.08,0.010618,0.010937
0.6,-126.82,0.010123,0.012165
0.602,-121.82,0.0095785,0.0078575
0.604,-116.12,0.0089878,0.0091646
0.606,-109.74,0.0083532,0.008628
0.608,-102.72,0.0076773,0.0080063
0.61,-95.101,0.0069632,0.0061165
0.612,-86.925,0.0062139,0.0054526
0.614,-78.239,0.0054329,0.0049859
0.616,-69.094,0.0046238,0.0046715
0.618,-59.541,0.0037904,0.0040671
0.62,-49.637,0.0029366,0.0038476
0.622,-39.44,0.0020663,0.0015709
0.624,-29.008,0.0011838,0.0013598
0.626,-18.403,0.00029323,0.00033912
0.628,-7.6872,-0.00060112,-0.00059203
0.63,3.0769,-0.001495,-0.0012824
0.632,13.826,-0.002384,-0.0022601
0.634,24.498,-0.003264,-0.0030994
0.636,35.029,-0.0041307,-0.0044889
0.638,45.358,-0.0049799,-0.0051623
0.64,55.424,-0.0058077,-0.0064317
0.642,65.17,-0.00661,-0.0065307
0.644,74.537,-0.0073831,-0.0080318
0.646,83.472,-0.0081234,-0.0080045
0.648,91.923,-0.0088274,-0.011201
0.65,99.841,-0.0094919,-0.0084883
0.652,107.18,-0.010114,-0.011226
0.654,113.9,-0.010691,-0.014308
0.656,119.96,-0.01122,-0.010241
0.658,125.33,-0.011699,-0.011822
0.66,129.98,-0.012126,-0.013525
0.662,133.89,-0.012499,-0.012669
0.664,137.02,-0.012818,-0.014652
0.666,139.38,-0.01308,-0.013661
0.668,140.94,-0.013286,-0.01601
0.67,141.7,-0.013435,-0.012999
0.672,141.66,-0.013527,-0.01002
0.674,140.83,-0.013561,-0.015167
0.676,139.21,-0.01354,-0.012808
0.678,136.81,-0.013463,-0.013558
0.68,133.67,-0.013331,-0.014593
0.682,129.79,-0.013147,-0.009322
0.684,125.2,-0.012912,-0.012216
0.686,119.95,-0.012628,-0.01374
0.688,114.06,-0.012297,-0.00809
0.69,107.57,-0.011921,-0.0099242
0.692,100.53,-0.011505,-0.010096
0.694,92.988,-0.01105,-0.010245
0.696,84.988,-0.010559,-0.011613
0.698,76.585,-0.010037,-0.008037
0.7,67.834,-0.009486,-0.0093065
0.702,58.791,-0.0089102,-0.0097561
0.704,49.516,-0.0083133,-0.0088993
0.706,40.067,-0.007699,-0.0077723
0.708,30.507,-0.0070711,-0.0076611
0.71,20.895,-0.0064336,-0.0079541
0.712,11.292,-0.0057902,-0.0058994
0.714,1.7613,-0.0051449,-0.0063995
0.716,-7.6388,-0.0045015,-0.0057168
0.718,-16.848,-0.0038637,-0.0035847
0.72,-25.81,-0.0032352,-0.0030447
0.722,-34.468,-0.0026194,-0.0028581
0.724,-42.767,-0.0020198,-0.0017921
0.726,-50.658,-0.0014397,-0.0010822
0.728,-58.091,-0.00088216,-0.00091812
0.73,-65.021,-0.00034999,-0.00037285
0.732,-71.407,0.00015413,0.00015869
0.734,-77.209,0.00062775,0.00053716
0.736,-82.395,0.0010687,0.0010058
0.738,-86.933,0.001475,0.0017029
0.74,-90.799,0.0018449,0.0018948
0.742,-93.97,0.0021772,0.0021141
0.744,-96.43,0.0024707,0.0022579
0.746,-98.168,0.0027245,0.0025761
0.748,-99.175,0.0029381,0.0029512
0.75,-99.451,0.0031113,0.0032533
0.752,-98.996,0.0032442,0.0029025
0.754,-97.82,0.003337,0.0028386
0.756,-95.932,0.0033904,0.0034127
0.758,-93.352,0.0034053,0.0034886
0.76,-90.099,0.003383,0.0034003
0.762,-86.2,0.0033247,0.0030176
0.764,-81.685,0.0032323,0.0024275
0.766,-76.588,0.0031077,0.0030276
0.768,-70.946,0.002953,0.0033365
0.77,-64.801,0.0027706,0.0035231
0.772,-58.198,0.0025631,0.0027617
0.774,-51.185,0.0023332,0.0024508
0.776,-43.812,0.0020838,0.0022284
0.778,-36.132,0.0018179,0.0018473
0.78,-28.199,0.0015386,0.0013511
0.782,-20.071,0.0012493,0.001135
0.784,-11.804,0.00095301,0.00078892
0.786,-3.4581,0.00065325,0.00063897
0.788,4.9085,0.0003533,0.00036305
0.79,13.236,5.6511e-05,6.3636e-05
0.792,21.466,-0.00023381,-0.00021948
0.794,29.539,-0.00051441,-0.00044044
0.796,37.399,-0.00078211,-0.00082045
0.798,44.99,-0.0010338,-0.00081107
0.8,52.257,-0.0012666,-0.0010684
0.802,59.148,-0.0014775,-0.0011218
0.804,65.613,-0.001664,-0.0016788
0.806,71.607,-0.0018236,-0.0019131
0.808,77.085,-0.001954,-0.0016584
0.81,82.007,-0.0020531,-0.0019812
0.812,86.337,-0.0021191,-0.0023251
0.814,90.041,-0.0021504,-0.0022255
0.816,93.092,-0.0021457,-0.0020562
0.818,95.464,-0.0021038,-0.0021237
0.82,97.139,-0.002024,-0.0019722
0.822,98.1,-0.0019057,-0.001539
0.824,98.337,-0.0017488,-0.0018818
0.826,97.846,-0.0015533,-0.0017341
0.828,96.623,-0.0013195,-0.0013696
0.83,94.675,-0.0010481,-0.0011033
0.832,92.009,-0.00074001,-0.00078387
0.834,88.638,-0.00039644,-0.00041681
0.836,84.582,-1.8892e-05,-1.7604e-05
0.838,79.863,0.0003909,0.00041437
0.84,74.508,0.00083091,0.00089263
0.842,68.549,0.0012989,0.0015671
0.844,62.021,0.0017923,0.0013378
0.846,54.963,0.0023086,0.0017781
0.848,47.42,0.0028446,0.0031244
0.85,39.436,0.0033975,0.0039748
0.852,31.062,0.0039639,0.0041519
0.854,22.349,0.0045404,0.0037248
0.856,13.352,0.0051234,0.0046836
0.858,4.1278,0.0057095,0.0065777
0.86,-5.2658,0.0062949,0.0074584
0.862,-14.769,0.0068758,0.0076057
0.864,-24.322,0.0074485,0.0058039
0.866,-33.863,0.0080092,0.008553
0.868,-43.331,0.0085542,0.0060609
0.87,-52.666,0.0090796,0.0093877
0.872,-61.806,0.009582,0.0094091
0.874,-70.693,0.010058,0.011202
0.876,-79.269,0.010503,0.010302
0.878,-87.478,0.010915,0.0092194
0.88,-95.265,0.011291,0.010781
0.882,-102.58,0.011627,0.011413
0.884,-109.37,0.01192,0.0092441
0.886,-115.6,0.012169,0.012731
0.888,-121.21,0.012371,0.010734
0.89,-126.18,0.012524,0.014618
0.892,-130.47,0.012625,0.013546
0.894,-134.04,0.012674,0.011725
0.896,-136.88,0.01267,0.010551
0.898,-138.95,0.012611,0.0094288
0.9,-140.25,0.012496,0.014173
0.902,-140.76,0.012326,0.014761
0.904,-140.47,0.012101,0.012585
0.906,-139.39,0.01182,0.010774
0.908,-137.5,0.011485,0.012306
0.91,-134.83,0.011096,0.011186
0.912,-131.39,0.010656,0.011092
0.914,-127.19,0.010164,0.012795
0.916,-122.25,0.0096235,0.0093303
0.918,-116.6,0.0090365,0.0091955
0.92,-110.27,0.0084053,0.0069245
0.922,-103.3,0.0077326,0.006895
0.924,-95.729,0.0070214,0.0081038
0.926,-87.595,0.0062748,0.0057576
0.928,-78.948,0.0054962,0.003975
0.93,-69.838,0.0046892,0.005085
0.932,-60.315,0.0038576,0.0041911
0.934,-50.437,0.0030052,0.0032388
0.936,-40.261,0.0021361,0.0024012
0.938,-29.846,0.0012544,0.0011286
0.94,-19.252,0.00036435,0.0003839
0.942,-8.5431,-0.00052986,-0.00050979
0.944,2.2195,-0.0014239,-0.0015174
0.946,12.972,-0.0023135,-0.0020097
0.948,23.652,-0.0031944,-0.0033222
0.95,34.197,-0.0040623,-0.003936
0.952,44.544,-0.004913,-0.0063443
0.954,54.634,-0.0057426,-0.0056411
0.956,64.407,-0.0065471,-0.0069608
0.958,73.806,-0.0073227,-0.0078278
0.96,82.778,-0.0080657,-0.0074587
0.962,91.269,-0.0087727,-0.010331
0.964,99.231,-0.0094405,-0.010018
0.966,106.62,-0.010066,-0.011618
0.968,113.39,-0.010646,-0.0095646
0.97,119.51,-0.011179,-0.0098229
0.972,124.93,-0.011662,-0.012611
0.974,129.64,-0.012094,-0.013336
0.976,133.6,-0.012471,-0.013625
0.978,136.8,-0.012794,-0.014677
0.98,139.22,-0.013061,-0.013204
0.982,140.84,-0.013272,-0.013056
0.984,141.67,-0.013425,-0.011314
0.986,141.69,-0.013521,-0.013709
0.988,140.92,-0.013561,-0.014709
0.99,139.36,-0.013544,-0.016091
0.992,137.03,-0.013471,-0.012
0.994,133.94,-0.013344,-0.014309
0.996,130.12,-0.013164,-0.014632
0.998,125.59,-0.012933,-0.01506
1,120.39,-0.012652,-0.012401
1.002,114.55,-0.012325,-0.010327
1.004,108.11,-0.011953,-0.011202
1.006,101.11,-0.011539,-0.010171
1.008,93.606,-0.011087,-0.011058
1.01,85.64,-0.0106,-0.007991
1.012,77.268,-0.01008,-0.0090822
1.014,68.542,-0.0095308,-0.0086856
1.016,59.521,-0.0089569,-0.0099897
1.018,50.262,-0.0083615,-0.0095896
1.02,40.825,-0.0077484,-0.0083576
1.022,31.271,-0.0071215,-0.0064193
1.024,21.66,-0.0064846,-0.005918
1.026,12.055,-0.0058416,-0.0043404
1.028,2.5162,-0.0051963,-0.0062279
1.03,-6.8964,-0.0045526,-0.0032932
1.032,-16.123,-0.0039142,-0.0044011
1.034,-25.107,-0.0032848,-0.0027213
1.036,-33.791,-0.0026679,-0.0026891
1.038,-42.121,-0.0020669,-0.0019951
1.04,-50.046,-0.0014852,-0.0016606
1.042,-57.517,-0.00092567,-0.0011198
1.044,-64.489,-0.00039137,-0.00037639
1.046,-70.919,0.00011507,0.00013803
1.048,-76.769,0.0005912,0.00046433
1.05,-82.005,0.0010348,0.00082571
1.052,-86.596,0.0014439,0.0015848
1.054,-90.516,0.0018168,0.0019652
1.056,-93.743,0.0021522,0.0022012
1.058,-96.261,0.0024488,0.0018446
1.06,-98.056,0.0027058,0.0030195
1.062,-99.122,0.0029226,0.0034578
1.064,-99.456,0.003099,0.00317
1.066,-99.059,0.0032351,0.0031522
1.068,-97.939,0.0033311,0.0028107
1.07,-96.108,0.0033876,0.0032796
1.072,-93.582,0.0034055,0.003935
1.074,-90.382,0.0033861,0.0034304
1.076,-86.534,0.0033306,0.0033254
1.078,-82.067,0.0032409,0.0035151
1.08,-77.014,0.0031187,0.00276
1.082,-71.414,0.0029663,0.0027932
1.084,-65.308,0.0027861,0.0022655
1.086,-58.74,0.0025805,0.0019649
1.088,-51.758,0.0023522,0.0022267
1.09,-44.411,0.0021043,0.0023805
1.092,-36.754,0.0018396,0.0017249
1.094,-28.839,0.0015613,0.0017697
1.096,-20.724,0.0012726,0.0011121
1.098,-12.466,0.00097678,0.00096094
1.1,-4.1242,0.00067717,0.00060181
1.102,4.2429,0.00037712,0.00040269
1.104,12.576,7.9952e-05,8.6766e-05
1.106,20.815,-0.00021101,-0.00019386
1.108,28.904,-0.0004925,-0.00042918
1.11,36.783,-0.00076134,-0.00043115
1.112,44.396,-0.0010144,-0.00078992
1.114,51.691,-0.0012488,-0.0014111
1.116,58.614,-0.0014616,-0.0019033
1.118,65.115,-0.0016501,-0.0017519
1.12,71.148,-0.001812,-0.0018222
1.122,76.669,-0.0019448,-0.0021009
1.124,81.637,-0.0020464,-0.0015374
1.126,86.015,-0.0021151,-0.0024505
1.128,89.77,-0.0021492,-0.0022082
1.13,92.874,-0.0021474,-0.0018769
1.132,95.301,-0.0021085,-0.0021097
1.134,97.031,-0.0020317,-0.0020515
1.136,98.05,-0.0019165,-0.0019457
1.138,98.345,-0.0017627,-0.0020151
1.14,97.912,-0.0015702,-0.0015996
1.142,96.747,-0.0013395,-0.0013632
1.144,94.856,-0.0010711,-0.0013034
1.146,92.247,-0.00076586,-0.000505
1.148,88.932,-0.00042507,-0.00045019
1.15,84.93,-5.0164e-05,-3.9363e-05
1.152,80.263,0.00035713,0.00036918
1.154,74.957,0.00079481,0.00098125
1.156,69.045,0.0012606,0.00093967
1.158,62.561,0.0017522,0.0017813
1.16,55.544,0.0022667,0.0020037
1.162,48.037,0.0028013,0.0031509
1.164,40.087,0.0033529,0.0035119
1.166,31.742,0.0039183,0.00321
1.168,23.054,0.0044942,0.0049069
1.17,14.078,0.0050769,0.0056863
1.172,4.8694,0.0056628,0.0048561
1.174,-4.5129,0.0062484,0.0056986
1.176,-14.01,0.0068298,0.0082643
1.178,-23.561,0.0074033,0.0070148
1.18,-33.105,0.0079651,0.0090323
1.182,-42.581,0.0085114,0.010423
1.184,-51.929,0.0090386,0.010309
1.186,-61.087,0.0095429,0.011553
1.188,-69.996,0.010021,0.0093465
1.19,-78.599,0.010469,0.01187
1.192,-86.839,0.010884,0.013365
1.194,-94.662,0.011262,0.013221
1.196,-102.02,0.011602,0.014759
1.198,-108.85,0.011899,0.008862
1.2,-115.12,0.012151,0.013613
1.202,-120.79,0.012357,0.012707
1.204,-125.81,0.012513,0.012964
1.206,-130.15,0.012619,0.014822
1.208,-133.79,0.012672,0.012694
1.21,-136.68,0.012672,0.013857
1.212,-138.82,0.012617,0.010949
1.214,-140.18,0.012507,0.012842
1.216,-140.75,0.012342,0.013404
1.218,-140.52,0.012121,0.012195
1.22,-139.5,0.011845,0.011044
1.222,-137.68,0.011514,0.013232
1.224,-135.08,0.011129,0.013774
1.226,-131.69,0.010693,0.011441
1.228,-127.55,0.010205,0.0083902
1.23,-122.67,0.0096683,0.0097073
1.232,-117.07,0.0090849,0.0089477
1.234,-110.8,0.0084571,0.0052422
1.236,-103.88,0.0077876,0.0074535
1.238,-96.353,0.0070793,0.0077502
1.24,-88.263,0.0063354,0.0070067
1.242,-79.655,0.0055593,0.0038757
1.244,-70.579,0.0047544,0.00456
1.246,-61.087,0.0039246,0.0044069
1.248,-51.236,0.0030738,0.0027819
1.25,-41.081,0.0022058,0.0024322
1.252,-30.683,0.001325,0.0011191
1.254,-20.101,0.00043543,0.00049738
1.256,-9.3987,-0.0004586,-0.00055554
1.258,1.3619,-0.0013528,-0.0015179
1.26,12.118,-0.0022429,-0.002183
1.262,22.806,-0.0031246,-0.0031034
1.264,33.363,-0.0039937,-0.0036106
1.266,43.729,-0.004846,-0.0045274
1.268,53.841,-0.0056774,-0.0062081
1.27,63.641,-0.0064841,-0.0065641
1.272,73.073,-0.0072621,-0.0074262
1.274,82.08,-0.0080078,-0.0090482
1.276,90.611,-0.0087178,-0.0094789
1.278,98.618,-0.0093888,-0.0097123
1.28,106.05,-0.010018,-0.0115
1.282,112.87,-0.010602,-0.010707
1.284,119.04,-0.011139,-0.0089846
1.286,124.53,-0.011626,-0.011466
1.288,129.29,-0.012061,-0.015453
1.29,133.31,-0.012443,-0.012015
1.292,136.57,-0.012771,-0.010517
1.294,139.05,-0.013042,-0.013419
1.296,140.74,-0.013257,-0.012369
1.298,141.63,-0.013415,-0.015113
1.3,141.72,-0.013516,-0.015954
1.302,141.01,-0.01356,-0.013381
1.304,139.52,-0.013547,-0.015557
1.306,137.25,-0.013479,-0.012797
1.308,134.22,-0.013356,-0.012342
1.31,130.45,-0.01318,-0.01032
1.312,125.98,-0.012953,-0.012069
1.314,120.83,-0.012676,-0.015364
1.316,115.04,-0.012352,-0.012871
1.318,108.64,-0.011984,-0.010811
1.32,101.69,-0.011574,-0.010522
1.322,94.221,-0.011125,-0.010331
1.324,86.29,-0.01064,-0.01203
1.326,77.948,-0.010122,-0.010142
1.328,69.248,-0.0095755,-0.0098451
1.33,60.249,-0.0090034,-0.0092271
1.332,51.006,-0.0084096,-0.0082685
1.334,41.581,-0.0077978,-0.005877
1.336,32.034,-0.0071719,-0.00864
1.338,22.426,-0.0065356,-0.0049811
1.34,12.819,-0.0058929,-0.0035678
1.342,3.272,-0.0052477,-0.0048954
1.344,-6.1529,-0.0046037,-0.0051042
1.346,-15.397,-0.0039648,-0.0039459
1.348,-24.402,-0.0033345,-0.0032028
1.35,-33.111,-0.0027165,-0.0026534
1.352,-41.471,-0.0021141,-0.0022376
1.354,-49.43,-0.0015307,-0.0016219
1.356,-56.939,-0.00096934,-0.001083
1.358,-63.953,-0.00043293,-0.0003838
1.36,-70.428,7.5823e-05,6.5055e-05
1.362,-76.326,0.00055445,0.00062309
1.364,-81.612,0.0010007,0.00095389
1.366,-86.255,0.0014126,0.001264
1.368,-90.229,0.0017885,0.0014801
1.37,-93.512,0.0021269,0.0017962
1.372,-96.087,0.0024266,0.0022883
1.374,-97.94,0.0026868,0.0029158
1.376,-99.064,0.0029068,0.0024285
1.378,-99.456,0.0030865,0.0037924
1.38,-99.117,0.0032257,0.0039463
1.382,-98.055,0.0033249,0.0039462
1.384,-96.28,0.0033845,0.0034376
1.386,-93.809,0.0034055,0.0031879
1.388,-90.661,0.003389,0.0039232
1.39,-86.863,0.0033363,0.0033473
1.392,-82.444,0.0032492,0.0033867
1.394,-77.437,0.0031296,0.0036301
1.396,-71.879,0.0029795,0.0021857
1.398,-65.812,0.0028014,0.0032883
1.4,-59.279,0.0025977,0.0023987
1.402,-52.328,0.0023712,0.0017592
1.404,-45.008,0.0021247,0.0020389
1.406,-37.373,0.0018612,0.0016039
1.408,-29.477,0.0015839,0.001376
1.41,-21.376,0.0012959,0.0011096
1.412,-13.128,0.0010005,0.0010929
1.414,-4.7902,0.00070109,0.00062273
1.416,3.577,0.00040095,0.00036655
1.418,11.915,0.00010343,0.00010567
1.42,20.164,-0.00018814,-0.00014943
1.422,28.266,-0.00047051,-0.0005332
1.424,36.164,-0.00074046,-0.00044657
1.426,43.801,-0.00099491,-0.00093692
1.428,51.123,-0.0012309,-0.0011197
1.43,58.077,-0.0014455,-0.0015996
1.432,64.614,-0.0016361,-0.0017359
1.434,70.686,-0.0018001,-0.0019608
1.436,76.249,-0.0019353,-0.0017888
1.438,81.262,-0.0020395,-0.0026072
1.44,85.689,-0.0021109,-0.0019605
1.442,89.495,-0.0021478,-0.0021489
1.444,92.651,-0.0021489,-0.0019249
1.446,95.133,-0.002113,-0.0025171
1.448,96.919,-0.0020392,-0.0017471
1.45,97.995,-0.0019271,-0.0015135
1.452,98.348,-0.0017764,-0.0016932
1.454,97.973,-0.001587,-0.0020767
1.456,96.867,-0.0013593,-0.0013048
1.458,95.033,-0.0010938,-0.00097047
1.46,92.481,-0.00079148,-0.00079276
1.462,89.222,-0.00045348,-0.00046882
1.464,85.273,-8.123e-05,-7.7653e-05
1.466,80.658,0.00032355,0.00034697
1.468,75.402,0.00075889,0.00058341
1.47,69.537,0.0012226,0.00095984
1.472,63.097,0.0017121,0.00079894
1.474,56.121,0.0022249,0.0022519
1.476,48.652,0.0027581,0.003355
1.478,40.735,0.0033084,0.0034266
1.48,32.42,0.0038729,0.0039442
1.482,23.757,0.004448,0.005012
1.484,14.802,0.0050303,0.0047726
1.486,5.6098,0.0056161,0.0051043
1.488,-3.7608,0.0062019,0.0064536
1.49,-13.251,0.0067838,0.0075222
1.492,-22.8,0.007358,0.0085282
1.494,-32.347,0.0079209,0.0065972
1.496,-41.831,0.0084686,0.0081641
1.498,-51.19,0.0089974,0.0064577
1.5,-60.366,0.0095036,0.009228
1.502,-69.297,0.0099838,0.0088427
1.504,-77.927,0.010434,0.011103
1.506,-86.197,0.010852,0.011589
1.508,-94.055,0.011234,0.012876
1.51,-101.45,0.011576,0.013897
1.512,-108.33,0.011877,0.014512
1.514,-114.65,0.012133,0.0084989
1.516,-120.36,0.012342,0.012409
1.518,-125.44,0.012503,0.010101
1.52,-129.83,0.012613,0.014003
1.522,-133.52,0.01267,0.011517
1.524,-136.48,0.012674,0.011456
1.526,-138.67,0.012624,0.011539
1.528,-140.1,0.012518,0.010799
1.53,-140.73,0.012357,0.011675
1.532,-140.57,0.01214,0.014122
1.534,-139.61,0.011869,0.01322
1.536,-137.86,0.011542,0.011724
1.538,-135.31,0.011162,0.010727
1.54,-131.99,0.010729,0.0057218
1.542,-127.9,0.010246,0.0092814
1.544,-123.08,0.0097128,0.010226
1.546,-117.54,0.009133,0.009697
1.548,-111.32,0.0085087,0.0088937
1.55,-104.45,0.0078424,0.0065847
1.552,-96.974,0.0071371,0.0070343
1.554,-88.926,0.0063959,0.0057002
1.556,-80.358,0.0056222,0.0066361
1.558,-71.317,0.0048195,0.0058263
1.56,-61.857,0.0039915,0.0045222
1.562,-52.032,0.0031422,0.0030784
1.564,-41.899,0.0022755,0.0024941
1.566,-31.518,0.0013955,0.0012106
1.568,-20.949,0.00050649,0.00061297
1.57,-10.254,-0.00038735,-0.00043224
1.572,0.50439,-0.0012817,-0.0012075
1.574,11.263,-0.0021723,-0.0023782
1.576,21.959,-0.0030548,-0.0030223
1.578,32.529,-0.0039251,-0.0042812
1.58,42.912,-0.0047789,-0.0042796
1.582,53.046,-0.0056121,-0.0058183
1.584,62.874,-0.0064208,-0.0057644
1.586,72.337,-0.0072013,-0.005756
1.588,81.38,-0.0079497,-0.0071317
1.59,89.951,-0.0086627,-0.0080306
1.592,98,-0.0093369,-0.010399
1.594,105.48,-0.0099693,-0.0083676
1.596,112.35,-0.010557,-0.011549
1.598,118.58,-0.011098,-0.0095691
1.6,124.11,-0.011589,-0.013425
1.602,128.94,-0.012028,-0.012184
1.604,133.02,-0.012415,-0.012146
1.606,136.34,-0.012747,-0.010446
1.608,138.89,-0.013023,-0.010792
1.61,140.64,-0.013242,-0.012803
1.612,141.59,-0.013405,-0.01596
1.614,141.74,-0.01351,-0.013628
1.616,141.1,-0.013558,-0.011501
1.618,139.67,-0.01355,-0.015361
1.62,137.45,-0.013486,-0.013275
1.622,134.48,-0.013368,-0.01511
1.624,130.78,-0.013196,-0.012097
1.626,126.36,-0.012973,-0.013341
1.628,121.26,-0.0127,-0.010021
1.63,115.52,-0.01238,-0.010844
1.632,109.17,-0.012015,-0.01327
1.634,102.26,-0.011608,-0.012536
1.636,94.833,-0.011162,-0.013167
1.638,86.938,-0.010679,-0.01149
1.64,78.626,-0.010164,-0.010438
1.642,69.953,-0.00962,-0.010673
1.644,60.975,-0.0090498,-0.010134
1.646,51.75,-0.0084576,-0.0098909
1.648,42.337,-0.0078471,-0.0097096
1.65,32.798,-0.0072221,-0.0080415
1.652,23.192,-0.0065866,-0.0064342
1.654,13.582,-0.0059442,-0.0047606
1.656,4.0286,-0.0052991,-0.0047725
1.658,-5.4082,-0.0046549,-0.0040817
1.66,-14.669,-0.0040154,-0.0036761
1.662,-23.695,-0.0033843,-0.004128
1.664,-32.43,-0.0027651,-0.0023842
1.666,-40.82,-0.0021614,-0.0023782
1.668,-48.813,-0.0015764,-0.0012254
1.67,-56.359,-0.0010132,-0.00096733
1.672,-63.413,-0.00047467,-0.00046874
1.674,-69.933,3.6383e-05,3.3313e-05
1.676,-75.878,0.00051749,0.00059616
1.678,-81.214,0.00096641,0.00091814
1.68,-85.909,0.0013811,0.0016377
1.682,-89.938,0.0017599,0.001584
1.684,-93.276,0.0021013,0.001727
1.686,-95.908,0.0024042,0.0026231
1.688,-97.819,0.0026675,0.0034255
1.69,-99.001,0.0028908,0.0034711
1.692,-99.451,0.0030736,0.0035694
1.694,-99.171,0.0032161,0.0035292
1.696,-98.166,0.0033184,0.0041566
1.698,-96.447,0.0033812,0.0040778
1.7,-94.03,0.0034052,0.0032442
1.702,-90.936,0.0033916,0.0034646
1.704,-87.189,0.0033418,0.0028991
1.706,-82.818,0.0032574,0.0031827
1.708,-77.856,0.0031403,0.0035135
1.71,-72.341,0.0029925,0.0031757
1.712,-66.313,0.0028165,0.0023873
1.714,-59.815,0.0026148,0.003106
1.716,-52.895,0.00239,0.0027502
1.718,-45.604,0.002145,0.0025231
1.72,-37.992,0.0018827,0.0019721
1.722,-30.114,0.0016064,0.0018405
1.724,-22.027,0.0013191,0.0014206
1.726,-13.789,0.0010242,0.0011089
1.728,-5.456,0.000725,0.00071819
1.73,2.911,0.0004248,0.00040131
1.732,11.253,0.00012695,0.00010095
1.734,19.512,-0.00016522,-0.00016218
1.736,27.628,-0.00044843,-0.00040483
1.738,35.544,-0.00071949,-0.00064068
1.74,43.204,-0.00097529,-0.00092275
1.742,50.553,-0.0012128,-0.0012881
1.744,57.538,-0.0014292,-0.0011355
1.746,64.11,-0.0016218,-0.0016659
1.748,70.221,-0.0017881,-0.0017021
1.75,75.826,-0.0019257,-0.0014258
1.752,80.884,-0.0020324,-0.001287
1.754,85.358,-0.0021065,-0.002389
1.756,89.215,-0.0021462,-0.0020048
1.758,92.424,-0.0021501,-0.0023637
1.76,94.96,-0.0021172,-0.0022048
1.762,96.803,-0.0020465,-0.0018772
1.764,97.936,-0.0019375,-0.0021759
1.766,98.347,-0.0017898,-0.0020096
1.768,98.03,-0.0016035,-0.0016419
1.77,96.982,-0.0013788,-0.0015843
1.772,95.206,-0.0011163,-0.00118
1.774,92.71,-0.00081688,-0.00090754
1.776,89.507,-0.00048167,-0.00039811
1.778,85.613,-0.00011209,-0.00013016
1.78,81.049,0.00029017,0.00021434
1.782,75.844,0.00072316,0.00067013
1.784,70.026,0.0011847,0.0012933
1.786,63.63,0.0016723,0.0015569
1.788,56.695,0.0021833,0.0023359
1.79,49.264,0.0027149,0.0029457
1.792,41.381,0.0032641,0.0029539
1.794,33.095,0.0038275,0.0042766
1.796,24.458,0.0044019,0.0045778
1.798,15.524,0.0049837,0.0050161
1.8,6.3491,0.0055694,0.0063456
1.802,-3.0094,0.0061553,0.0059886
1.804,-12.492,0.0067377,0.0057121
1.806,-22.039,0.0073127,0.0079798
1.808,-31.588,0.0078766,0.0087479
1.81,-41.079,0.0084256,0.007426
1.812,-50.451,0.0089561,0.010911
1.814,-59.643,0.0094642,0.0078752
1.816,-68.596,0.0099466,0.0086594
1.818,-77.252,0.0104,0.011236
1.82,-85.553,0.01082,0.0073032
1.822,-93.446,0.011205,0.0089724
1.824,-100.88,0.01155,0.010883
1.826,-107.8,0.011854,0.013948
1.828,-114.16,0.012114,0.014636
1.83,-119.93,0.012327,0.01079
1.832,-125.06,0.012492,0.011229
1.834,-129.51,0.012606,0.013324
1.836,-133.26,0.012667,0.0145
1.838,-136.27,0.012676,0.017562
1.84,-138.53,0.01263,0.013269
1.842,-140.01,0.012529,0.014047
1.844,-140.71,0.012372,0.011581
1.846,-140.61,0.01216,0.010356
1.848,-139.72,0.011892,0.012128
1.85,-138.03,0.01157,0.012029
1.852,-135.54,0.011194,0.0098428
1.854,-132.28,0.010766,0.01266
1.856,-128.26,0.010286,0.012477
1.858,-123.49,0.009757,0.010346
1.86,-118.01,0.0091809,0.01108
1.862,-111.84,0.00856,0.007877
1.864,-105.02,0.0078969,0.006306
1.866,-97.591,0.0071946,0.0058034
1.868,-89.587,0.0064562,0.00685
1.87,-81.058,0.0056849,0.0053899
1.872,-72.054,0.0048844,0.0052111
1.874,-62.625,0.0040583,0.0047161
1.876,-52.827,0.0032105,0.0034712
1.878,-42.716,0.002345,0.0025578
1.88,-32.352,0.001466,0.0010928
1.882,-21.796,0.00057752,0.00053202
1.884,-11.109,-0.00031609,-0.00030548
1.886,-0.35317,-0.0012106,-0.0014912
1.888,10.408,-0.0021016,-0.0021611
1.89,21.111,-0.0029849,-0.0022804
1.892,31.693,-0.0038563,-0.0048072
1.894,42.093,-0.0047116,-0.0050616
1.896,52.25,-0.0055466,-0.0055597
1.898,62.104,-0.0063574,-0.0058967
1.9,71.598,-0.0071402,-0.0084371
1.902,80.676,-0.0078914,-0.0068919
1.904,89.287,-0.0086073,-0.011437
1.906,97.38,-0.0092847,-0.0090314
1.908,104.91,-0.0099205,-0.008475
1.91,111.83,-0.010512,-0.0083784
1.912,118.11,-0.011056,-0.010537
1.914,123.7,-0.011552,-0.011636
1.916,128.58,-0.011995,-0.011309
1.918,132.72,-0.012386,-0.011063
1.92,136.11,-0.012722,-0.013805
1.922,138.71,-0.013003,-0.011495
1.924,140.53,-0.013227,-0.013775
1.926,141.54,-0.013394,-0.01286
1.928,141.76,-0.013504,-0.014789
1.93,141.18,-0.013556,-0.010387
1.932,139.81,-0.013553,-0.015504
1.934,137.66,-0.013493,-0.011408
1.936,134.75,-0.013379,-0.011671
1.938,131.1,-0.013211,-0.015218
1.94,126.74,-0.012992,-0.016354
1.942,121.69,-0.012723,-0.01192
1.944,116,-0.012407,-0.012801
1.946,109.7,-0.012046,-0.0098815
1.948,102.83,-0.011642,-0.0088295
1.95,95.443,-0.011199,-0.013171
1.952,87.582,-0.010719,-0.011924
1.954,79.302,-0.010207,-0.010154
1.956,70.656,-0.0096643,-0.008914
1.958,61.7,-0.0090961,-0.0074012
1.96,52.492,-0.0085055,-0.0077948
1.962,43.092,-0.0078963,-0.0096669
1.964,33.561,-0.0072723,-0.0070107
1.966,23.958,-0.0066375,-0.0072045
1.968,14.346,-0.0059956,-0.0060805
1.97,4.7859,-0.0053505,-0.0042785
1.972,-4.6624,-0.004706,-0.0034981
1.974,-13.939,-0.004066,-0.0047069
1.976,-22.986,-0.0034341,-0.0035489
1.978,-31.746,-0.0028139,-0.0040157
1.98,-40.165,-0.0022089,-0.0021592
1.982,-48.192,-0.0016222,-0.0017807
1.984,-55.776,-0.0010571,-0.0010804
1.986,-62.871,-0.00051658,-0.00046637
1.988,-69.434,-3.2478e-06,-2.85e-06
1.99,-75.426,0.00048033,0.00040785
1.992,-80.812,0.00093189,0.0010734
1.994,-85.56,0.0013494,0.0012364
1.996,-89.642,0.0017311,0.0014795
1.998,-93.036,0.0020755,0.0020211
2,-95.725,0.0023815,0.0021397
