t,u0,u1,y0,y1,yT0,yT1
0,1,0,0,0,1.9997e-05,1.9638e-05
0.002,1,0,9.9301e-08,7.2437e-10,3.9481e-06,4.9055e-05
0.004,1,0,3.9441e-07,5.723e-09,7.9861e-06,1.965e-05
0.006,1,0,8.8116e-07,1.9072e-08,1.1704e-07,-3.0431e-05
0.008,1,0,1.5554e-06,4.4629e-08,3.4095e-07,-3.0121e-05
0.01,1,0,2.4129e-06,8.6034e-08,-5.1165e-06,-3.3763e-05
0.012,1,0,3.4497e-06,1.4671e-07,-6.5517e-05,-1.1829e-07
0.014,1,0,4.6616e-06,2.2986e-07,-3.1225e-05,-1.3752e-07
0.016,1,0,6.0446e-06,3.3848e-07,-2.0514e-07,1.7118e-06
0.018,1,0,7.5945e-06,4.7534e-07,2.928e-05,7.8906e-06
0.02,1,0,9.3074e-06,6.4299e-07,1.4046e-05,5.6286e-06
0.022,1,0,1.1179e-05,8.438e-07,-1.8507e-07,-6.1957e-06
0.024,1,0,1.3206e-05,1.0799e-06,4.8044e-06,-3.8636e-05
0.026,1,0,1.5383e-05,1.3532e-06,-1.5422e-05,-1.6047e-05
0.028,1,0,1.7708e-05,1.6655e-06,2.2114e-05,-7.2277e-07
0.03,1,0,2.0176e-05,2.0184e-06,2.4093e-05,-2.9675e-05
0.032,1,0,2.2782e-05,2.413e-06,1.5939e-06,-1.4585e-05
0.034,1,0,2.5524e-05,2.8507e-06,3.8448e-05,-2.2999e-05
0.036,1,0,2.8398e-05,3.3324e-06,-1.4833e-06,-4.0631e-05
0.038,1,0,3.1399e-05,3.8589e-06,1.2189e-05,-1.6735e-06
0.04,1,0,3.4523e-05,4.4308e-06,9.1494e-05,-9.0052e-06
0.042,1,0,3.7767e-05,5.0486e-06,2.9138e-05,-1.8757e-05
0.044,1,0,4.1128e-05,5.7125e-06,-4.2176e-05,7.9042e-07
0.046,1,0,4.46e-05,6.4228e-06,5.2154e-06,-1.9966e-05
0.048,1,0,4.8181e-05,7.1793e-06,2.6617e-07,1.1129e-05
0.05,1,0,5.1867e-05,7.9819e-06,3.3642e-05,-2.5761e-06
0.052,1,0,5.5654e-05,8.8304e-06,-1.7362e-05,5.8973e-06
0.054,1,0,5.9538e-05,9.7242e-06,4.561e-05,-4.6445e-05
0.056,1,0,6.3516e-05,1.0663e-05,4.9798e-05,-4.0807e-05
0.058,1,0,6.7585e-05,1.1646e-05,0.00012941,6.6673e-06
0.06,1,0,7.1739e-05,1.2672e-05,8.8313e-05,2.9673e-05
0.062,1,0,7.5977e-05,1.374e-05,0.00015173,4.1959e-05
0.064,1,0,8.0294e-05,1.485e-05,8.8763e-05,7.1127e-05
0.066,1,0,8.4686e-05,1.6e-05,-6.9277e-05,3.1264e-05
0.068,1,0,8.9151e-05,1.719e-05,-4.4111e-05,2.1723e-05
0.07,1,0,9.3685e-05,1.8417e-05,1.9387e-05,4.8805e-05
0.072,1,0,9.8284e-05,1.968e-05,6.291e-05,1.7008e-07
0.074,1,0,0.00010294,2.0979e-05,0.00019658,1.1096e-05
0.076,1,0,0.00010766,2.2311e-05,1.9738e-05,-2.9351e-05
0.078,1,0,0.00011244,2.3675e-05,4.1368e-05,2.4543e-05
0.08,1,0,0.00011726,2.5069e-05,0.00012712,-1.1156e-05
0.082,1,0,0.00012214,2.6492e-05,5.1048e-05,2.5906e-05
0.084,1,0,0.00012706,2.7942e-05,-3.1257e-05,6.6259e-05
0.086,1,0,0.00013202,2.9417e-05,4.5327e-05,1.9078e-05
0.088,1,0,0.00013702,3.0916e-05,4.077e-05,3.852e-05
0.09,1,0,0.00014205,3.2435e-05,0.0002562,2.2588e-06
0.092,1,0,0.00014712,3.3975e-05,0.00016211,4.8846e-05
0.094,1,0,0.00015221,3.5533e-05,0.00025657,9.2852e-05
0.096,1,0,0.00015733,3.7106e-05,8.4654e-05,6.8349e-06
0.098,1,0,0.00016248,3.8694e-05,0.00050597,-8.8053e-06
0.1,1,0,0.00016764,4.0293e-05,0.00018565,1.3403e-05
0.102,1,0,0.00017282,4.1903e-05,1.5725e-05,8.5516e-05
0.104,1,0,0.00017801,4.3522e-05,-5.7613e-05,2.6913e-05
0.106,1,0,0.00018322,4.5147e-05,0.00017458,4.2329e-05
0.108,1,0,0.00018843,4.6776e-05,0.00012289,-3.3489e-05
0.11,1,0,0.00019364,4.8409e-05,-7.6669e-05,1.1713e-05
0.112,1,0,0.00019886,5.0042e-05,9.7543e-05,2.1202e-05
0.114,1,0,0.00020408,5.1675e-05,-0.00012378,-2.3576e-05
0.116,1,0,0.00020929,5.3304e-05,0.00035069,7.5946e-05
0.118,1,0,0.0002145,5.493e-05,0.0005379,6.1606e-05
0.12,1,0,0.0002197,5.6549e-05,0.00035356,-2.5671e-05
0.122,1,0,0.00022488,5.816e-05,0.00017055,7.7592e-05
0.124,1,0,0.00023006,5.9762e-05,0.00052899,2.3611e-06
0.126,1,0,0.00023521,6.1352e-05,0.00029588,1.8991e-05
0.128,1,0,0.00024035,6.293e-05,-0.0002903,7.2781e-05
0.13,1,0,0.00024546,6.4493e-05,0.00019826,0.00017333
0.132,1,0,0.00025055,6.604e-05,0.00026441,5.971e-05
0.134,1,0,0.00025561,6.757e-05,0.00041166,2.1456e-05
0.136,1,0,0.00026064,6.9081e-05,0.00021244,9.8114e-05
0.138,1,0,0.00026565,7.0572e-05,0.00058839,0.00013647
0.14,1,0,0.00027061,7.2041e-05,-8.8629e-05,8.5833e-05
0.142,1,0,0.00027555,7.3487e-05,0.0008974,0.00023817
0.144,1,0,0.00028044,7.491e-05,0.00064123,6.9018e-05
0.146,1,0,0.00028529,7.6307e-05,0.00019662,3.8083e-05
0.148,1,0,0.0002901,7.7678e-05,0.00035802,0.00012555
0.15,1,0,0.00029487,7.9021e-05,3.7831e-05,-2.9851e-05
0.152,1,0,0.00029959,8.0336e-05,2.0503e-05,4.3531e-05
0.154,1,0,0.00030427,8.1622e-05,0.00033865,2.9335e-05
0.156,1,0,0.00030889,8.2877e-05,0.0006289,0.00019768
0.158,1,0,0.00031346,8.4101e-05,0.00063166,0.00017155
0.16,1,0,0.00031798,8.5293e-05,0.00090259,0.00014417
0.162,1,0,0.00032244,8.6452e-05,0.00020991,0.00014147
0.164,1,0,0.00032685,8.7578e-05,0.00025385,0.00021832
0.166,1,0,0.0003312,8.8669e-05,-0.00055682,9.5187e-05
0.168,1,0,0.00033549,8.9726e-05,0.00023844,-3.9212e-05
0.17,1,0,0.00033971,9.0748e-05,0.00038683,-5.0825e-05
0.172,1,0,0.00034388,9.1733e-05,0.00037842,0.00012029
0.174,1,0,0.00034798,9.2683e-05,0.0001271,0.0001476
0.176,1,0,0.00035201,9.3596e-05,-0.00010249,0.00018896
0.178,1,0,0.00035598,9.4472e-05,0.0002096,0.00020692
0.18,1,0,0.00035988,9.5311e-05,0.0011542,0.00026767
0.182,1,0,0.00036371,9.6112e-05,2.3927e-05,5.0274e-05
0.184,1,0,0.00036747,9.6876e-05,0.00036281,2.7826e-05
0.186,1,0,0.00037116,9.7602e-05,-5.5959e-05,0.00023793
0.188,1,0,0.00037478,9.829e-05,0.00083843,2.5621e-05
0.19,1,0,0.00037833,9.894e-05,0.00067923,0.0003721
0.192,1,0,0.0003818,9.9552e-05,0.00047095,0.00022734
0.194,1,0,0.00038519,0.00010013,0.00038932,2.902e-05
0.196,1,0,0.00038851,0.00010066,0.00092977,4.9991e-05
0.198,1,0,0.00039176,0.00010116,0.0006099,0.00013902
0.2,1,0,0.00039493,0.00010162,0.00039605,0.00015556
0.202,1,0,0.00039802,0.00010204,0.00040003,0.00010772
0.204,1,0,0.00040103,0.00010243,0.00040263,0.00011328
0.206,1,0,0.00040396,0.00010278,0.00040707,0.00011255
0.208,1,0,0.00040682,0.00010309,0.00039774,9.9198e-05
0.21,1,0,0.00040959,0.00010337,0.00039576,0.00010271
0.212,1,0,0.00041229,0.00010361,0.00040404,0.00011908
0.214,1,0,0.0004149,0.00010381,0.0004041,8.0945e-05
0.216,1,0,0.00041744,0.00010398,0.00041107,0.00012479
0.218,1,0,0.00041989,0.00010412,0.00043633,0.00011421
0.22,1,0,0.00042227,0.00010422,0.00043875,0.00012375
0.222,1,0,0.00042456,0.00010429,0.00040091,0.00010221
0.224,1,0,0.00042677,0.00010432,0.00041265,9.695e-05
0.226,1,0,0.00042891,0.00010432,0.00042812,0.00010677
0.228,1,0,0.00043096,0.00010429,0.00043923,0.00011273
0.23,1,0,0.00043293,0.00010423,0.00042889,8.3012e-05
0.232,1,0,0.00043482,0.00010414,0.00044172,0.00011517
0.234,1,0,0.00043663,0.00010401,0.00041828,9.1183e-05
0.236,1,0,0.00043836,0.00010386,0.00045114,0.00010896
0.238,1,0,0.00044001,0.00010368,0.00043131,8.6866e-05
0.24,1,0,0.00044159,0.00010347,0.00043344,0.00010857
0.242,1,0,0.00044308,0.00010323,0.00044513,0.00011815
0.244,1,0,0.00044449,0.00010296,0.00044606,0.00014416
0.246,1,0,0.00044583,0.00010267,0.00045272,9.6885e-05
0.248,1,0,0.00044709,0.00010235,0.00041946,9.2018e-05
0.25,1,0,0.00044827,0.00010201,0.0004395,0.00010444
0.252,1,0,0.00044938,0.00010165,0.00047222,0.00011431
0.254,1,0,0.00045041,0.00010126,0.00045697,0.0001009
0.256,1,0,0.00045136,0.00010085,0.00046787,0.00011621
0.258,1,0,0.00045224,0.00010041,0.00043526,0.0001316
0.26,1,0,0.00045305,9.9958e-05,0.00045128,0.00010352
0.262,1,0,0.00045378,9.9483e-05,0.00047899,0.0001168
0.264,1,0,0.00045444,9.8988e-05,0.00046648,0.00010696
0.266,1,0,0.00045503,9.8475e-05,0.00046355,0.00011271
0.268,1,0,0.00045555,9.7943e-05,0.00045089,8.3631e-05
0.27,1,0,0.000456,9.7394e-05,0.00045962,8.2835e-05
0.272,1,0,0.00045638,9.6829e-05,0.00045257,9.2321e-05
0.274,1,0,0.00045669,9.6247e-05,0.00045228,0.00011358
0.276,1,0,0.00045694,9.5651e-05,0.00045491,9.6068e-05
0.278,1,0,0.00045711,9.504e-05,0.0004461,0.0001048
0.28,1,0,0.00045723,9.4415e-05,0.00047368,8.6598e-05
0.282,1,0,0.00045728,9.3778e-05,0.00043917,7.5261e-05
0.284,1,0,0.00045726,9.3128e-05,0.00048138,8.6565e-05
0.286,1,0,0.00045719,9.2467e-05,0.00047338,0.0001048
0.288,1,0,0.00045705,9.1796e-05,0.00046536,0.00012412
0.29,1,0,0.00045685,9.1114e-05,0.00045215,9.166e-05
0.292,1,0,0.0004566,9.0423e-05,0.00046713,6.8208e-05
0.294,1,0,0.00045629,8.9723e-05,0.00046337,7.1503e-05
0.296,1,0,0.00045592,8.9016e-05,0.00044648,0.00010724
0.298,1,0,0.00045549,8.8301e-05,0.00043089,6.0948e-05
0.3,1,0,0.00045501,8.7579e-05,0.00045083,7.0203e-05
0.302,1,0,0.00045448,8.6852e-05,0.000455,8.72e-05
0.304,1,0,0.0004539,8.6119e-05,0.00045818,5.3377e-05
0.306,1,0,0.00045327,8.5381e-05,0.00045637,7.4909e-05
0.308,1,0,0.00045258,8.464e-05,0.00045792,0.00010552
0.31,1,0,0.00045185,8.3895e-05,0.00046699,8.26e-05
0.312,1,0,0.00045108,8.3147e-05,0.00042913,6.4728e-05
0.314,1,0,0.00045025,8.2397e-05,0.00047942,6.8226e-05
0.316,1,0,0.00044939,8.1645e-05,0.00046584,9.3984e-05
0.318,1,0,0.00044848,8.0892e-05,0.00043031,9.6675e-05
0.32,1,0,0.00044753,8.0138e-05,0.00047665,8.9645e-05
0.322,1,0,0.00044653,7.9385e-05,0.00042304,9.3998e-05
0.324,1,0,0.0004455,7.8632e-05,0.00046726,8.2217e-05
0.326,1,0,0.00044444,7.788e-05,0.00042645,7.8641e-05
0.328,1,0,0.00044333,7.7129e-05,0.000452,8.371e-05
0.33,1,0,0.00044219,7.638e-05,0.00043005,6.3747e-05
0.332,1,0,0.00044102,7.5634e-05,0.00042267,8.0029e-05
0.334,1,0,0.00043981,7.4891e-05,0.00046054,0.00010293
0.336,1,0,0.00043857,7.4151e-05,0.00043512,7.9975e-05
0.338,1,0,0.0004373,7.3415e-05,0.00043019,0.00010263
0.34,1,0,0.000436,7.2684e-05,0.0004332,7.8448e-05
0.342,1,0,0.00043468,7.1957e-05,0.00044633,9.885e-05
0.344,1,0,0.00043333,7.1235e-05,0.00042371,5.6912e-05
0.346,1,0,0.00043195,7.0518e-05,0.00041671,7.1814e-05
0.348,1,0,0.00043055,6.9808e-05,0.00044345,8.9395e-05
0.35,1,0,0.00042913,6.9103e-05,0.00042978,7.6045e-05
0.352,1,0,0.00042769,6.8405e-05,0.00044464,5.9403e-05
0.354,1,0,0.00042622,6.7714e-05,0.00044131,7.3903e-05
0.356,1,0,0.00042474,6.703e-05,0.00041487,8.8024e-05
0.358,1,0,0.00042324,6.6354e-05,0.00042528,8.7977e-05
0.36,1,0,0.00042172,6.5685e-05,0.00040366,5.7394e-05
0.362,1,0,0.00042019,6.5024e-05,0.00042791,5.9908e-05
0.364,1,0,0.00041864,6.4372e-05,0.00042721,6.5155e-05
0.366,1,0,0.00041709,6.3729e-05,0.00040029,3.4866e-05
0.368,1,0,0.00041552,6.3094e-05,0.00043251,7.0785e-05
0.37,1,0,0.00041393,6.2468e-05,0.0004235,5.7742e-05
0.372,1,0,0.00041234,6.1852e-05,0.0004485,6.7714e-05
0.374,1,0,0.00041075,6.1245e-05,0.00040554,4.4789e-05
0.376,1,0,0.00040914,6.0648e-05,0.00040753,5.1391e-05
0.378,1,0,0.00040753,6.0061e-05,0.00042967,3.3921e-05
0.38,1,0,0.00040591,5.9484e-05,0.00043141,5.2322e-05
0.382,1,0,0.00040429,5.8917e-05,0.00039383,7.429e-05
0.384,1,0,0.00040267,5.8361e-05,0.00040865,5.7248e-05
0.386,1,0,0.00040104,5.7816e-05,0.00039931,5.0501e-05
0.388,1,0,0.00039941,5.7281e-05,0.00040191,4.9136e-05
0.39,1,0,0.00039779,5.6757e-05,0.00038217,5.6436e-05
0.392,1,0,0.00039616,5.6244e-05,0.00040354,6.8522e-05
0.394,1,0,0.00039454,5.5742e-05,0.00041613,7.2457e-05
0.396,1,0,0.00039292,5.5251e-05,0.00040698,8.9196e-05
0.398,1,0,0.0003913,5.4772e-05,0.00035708,5.592e-05
0.4,1,0,0.00038969,5.4304e-05,0.000385,6.5974e-05
0.402,1,0,0.00038809,5.3847e-05,0.00040327,7.3877e-05
0.404,1,0,0.00038649,5.3402e-05,0.00036569,6.9642e-05
0.406,1,0,0.0003849,5.2968e-05,0.000392,5.4676e-05
0.408,1,0,0.00038331,5.2546e-05,0.00039995,5.7385e-05
0.41,1,0,0.00038174,5.2136e-05,0.00035093,4.8969e-05
0.412,1,0,0.00038018,5.1737e-05,0.00040826,4.2789e-05
0.414,1,0,0.00037862,5.135e-05,0.00036274,4.0529e-05
0.416,1,0,0.00037708,5.0974e-05,0.00037656,6.5701e-05
0.418,1,0,0.00037555,5.0611e-05,0.00037467,5.3539e-05
0.42,1,0,0.00037403,5.0259e-05,0.0003847,5.6273e-05
0.422,1,0,0.00037253,4.9918e-05,0.00036772,7.3773e-05
0.424,1,0,0.00037104,4.959e-05,0.00035828,2.6838e-05
0.426,1,0,0.00036957,4.9273e-05,0.00036356,5.2203e-05
0.428,1,0,0.00036811,4.8967e-05,0.00035884,8.9811e-05
0.43,1,0,0.00036666,4.8674e-05,0.00035907,5.2769e-05
0.432,1,0,0.00036524,4.8391e-05,0.00036977,4.555e-05
0.434,1,0,0.00036383,4.812e-05,0.00036585,5.1556e-05
0.436,1,0,0.00036244,4.7861e-05,0.00035189,4.1808e-05
0.438,1,0,0.00036106,4.7613e-05,0.0003407,4.7005e-05
0.44,1,0,0.00035971,4.7376e-05,0.00037399,5.9761e-05
0.442,1,0,0.00035838,4.7151e-05,0.00038684,4.4272e-05
0.444,1,0,0.00035706,4.6937e-05,0.00037977,6.5371e-05
0.446,1,0,0.00035577,4.6734e-05,0.00034615,9.7899e-06
0.448,1,0,0.00035449,4.6541e-05,0.00035672,5.3716e-05
0.45,1,0,0.00035324,4.636e-05,0.00034572,4.628e-05
0.452,1,0,0.00035201,4.6189e-05,0.00032585,4.0508e-05
0.454,1,0,0.0003508,4.603e-05,0.00034378,5.7286e-05
0.456,1,0,0.00034961,4.588e-05,0.00036516,4.2324e-05
0.458,1,0,0.00034845,4.5742e-05,0.00035015,4.8722e-05
0.46,1,0,0.00034731,4.5613e-05,0.00032963,4.9333e-05
0.462,1,0,0.00034619,4.5495e-05,0.00034247,7.221e-05
0.464,1,0,0.00034509,4.5387e-05,0.00034159,6.4707e-05
0.466,1,0,0.00034402,4.5289e-05,0.00035203,6.5116e-05
0.468,1,0,0.00034297,4.5201e-05,0.00032902,3.6021e-05
0.47,1,0,0.00034195,4.5122e-05,0.00035716,3.5869e-05
0.472,1,0,0.00034095,4.5054e-05,0.00034879,5.6544e-05
0.474,1,0,0.00033997,4.4994e-05,0.00033217,6.1801e-05
0.476,1,0,0.00033902,4.4944e-05,0.00034796,2.8875e-05
0.478,1,0,0.0003381,4.4904e-05,0.00034039,5.7071e-05
0.48,1,0,0.0003372,4.4872e-05,0.00031069,2.1773e-05
0.482,1,0,0.00033632,4.4849e-05,0.00035066,4.7381e-05
0.484,1,0,0.00033547,4.4835e-05,0.00031773,2.4307e-05
0.486,1,0,0.00033464,4.483e-05,0.00032622,5.9446e-05
0.488,1,0,0.00033384,4.4832e-05,0.00035218,4.6575e-05
0.49,1,0,0.00033307,4.4844e-05,0.00033581,6.9371e-05
0.492,1,0,0.00033232,4.4863e-05,0.00034293,5.1027e-05
0.494,1,0,0.0003316,4.489e-05,0.00030193,5.189e-05
0.496,1,0,0.0003309,4.4926e-05,0.00036407,2.7841e-05
0.498,1,0,0.00033022,4.4968e-05,0.00032717,1.8907e-05
0.5,1,0,0.00032957,4.5019e-05,0.00033523,5.109e-05
0.502,1,0,0.00032895,4.5076e-05,0.00030106,4.896e-05
0.504,1,0,0.00032835,4.5141e-05,0.0003014,2.2231e-05
0.506,1,0,0.00032778,4.5213e-05,0.00033195,3.406e-05
0.508,1,0,0.00032723,4.5291e-05,0.00031797,4.8891e-05
0.51,1,0,0.00032671,4.5376e-05,0.00033271,6.962e-05
0.512,1,0,0.00032621,4.5468e-05,0.00036125,5.7821e-05
0.514,1,0,0.00032574,4.5566e-05,0.00033171,5.4745e-05
0.516,1,0,0.00032529,4.567e-05,0.00033864,4.5307e-05
0.518,1,0,0.00032486,4.578e-05,0.00033541,5.0944e-05
0.52,1,0,0.00032446,4.5896e-05,0.00032432,5.5048e-05
0.522,1,0,0.00032408,4.6017e-05,0.00031418,5.5268e-05
0.524,1,0,0.00032373,4.6144e-05,0.00032582,4.3797e-05
0.526,1,0,0.0003234,4.6276e-05,0.00032911,5.963e-05
0.528,1,0,0.0003231,4.6414e-05,0.00033201,5.7153e-05
0.53,1,0,0.00032281,4.6556e-05,0.00030778,2.7578e-05
0.532,1,0,0.00032255,4.6703e-05,0.00032913,4.5966e-05
0.534,1,0,0.00032231,4.6854e-05,0.00033039,5.6596e-05
0.536,1,0,0.0003221,4.701e-05,0.00033465,5.0906e-05
0.538,1,0,0.00032191,4.7171e-05,0.00033087,5.7384e-05
0.54,1,0,0.00032174,4.7335e-05,0.0003027,6.1396e-05
0.542,1,0,0.00032159,4.7503e-05,0.00032946,7.7514e-05
0.544,1,0,0.00032146,4.7675e-05,0.00032706,3.0602e-05
0.546,1,0,0.00032135,4.7851e-05,0.00032464,5.1557e-05
0.548,1,0,0.00032127,4.803e-05,0.00033301,3.8957e-05
0.55,1,0,0.0003212,4.8212e-05,0.00031682,5.7381e-05
0.552,1,0,0.00032115,4.8397e-05,0.00029774,3.7906e-05
0.554,1,0,0.00032113,4.8586e-05,0.00031863,4.1944e-05
0.556,1,0,0.00032112,4.8777e-05,0.00031334,4.8365e-05
0.558,1,0,0.00032113,4.897e-05,0.0003088,2.6445e-05
0.56,1,0,0.00032117,4.9166e-05,0.00032443,5.1528e-05
0.562,1,0,0.00032122,4.9365e-05,0.00030244,3.6651e-05
0.564,1,0,0.00032128,4.9565e-05,0.00032337,3.2156e-05
0.566,1,0,0.00032137,4.9768e-05,0.00033929,7.2891e-05
0.568,1,0,0.00032147,4.9972e-05,0.00034898,5.9077e-05
0.57,1,0,0.00032159,5.0178e-05,0.00032637,5.9386e-05
0.572,1,0,0.00032173,5.0386e-05,0.00030127,6.3432e-05
0.574,1,0,0.00032188,5.0595e-05,0.00032196,3.9625e-05
0.576,1,0,0.00032205,5.0805e-05,0.00030266,4.5498e-05
0.578,1,0,0.00032224,5.1016e-05,0.00033963,4.7773e-05
0.58,1,0,0.00032244,5.1228e-05,0.00030091,2.6141e-05
0.582,1,0,0.00032265,5.1441e-05,0.00031822,3.8106e-05
0.584,1,0,0.00032288,5.1655e-05,0.00032217,2.1951e-05
0.586,1,0,0.00032312,5.1869e-05,0.00030843,7.5621e-05
0.588,1,0,0.00032338,5.2083e-05,0.00033284,6.259e-05
0.59,1,0,0.00032365,5.2298e-05,0.00032944,7.9599e-05
0.592,1,0,0.00032393,5.2513e-05,0.00029925,5.4841e-05
0.594,1,0,0.00032423,5.2728e-05,0.00032618,4.1893e-05
0.596,1,0,0.00032453,5.2943e-05,0.00031502,3.1708e-05
0.598,1,0,0.00032485,5.3158e-05,0.00032577,5.579e-05
0.6,1,0,0.00032518,5.3372e-05,0.00034981,2.9727e-05
0.602,1,0,0.00032552,5.3586e-05,0.00032044,8.0168e-05
0.604,1,0,0.00032587,5.3799e-05,0.0003173,5.7261e-05
0.606,1,0,0.00032623,5.4011e-05,0.00033977,4.2729e-05
0.608,1,0,0.00032661,5.4223e-05,0.00033282,7.3461e-05
0.61,1,0,0.00032699,5.4433e-05,0.00031664,5.656e-05
0.612,1,0,0.00032738,5.4643e-05,0.00033204,3.5779e-05
0.614,1,0,0.00032777,5.4852e-05,0.0003308,4.133e-05
0.616,1,0,0.00032818,5.5059e-05,0.00034877,6.3684e-05
0.618,1,0,0.00032859,5.5265e-05,0.00031439,6.3349e-05
0.62,1,0,0.00032901,5.5469e-05,0.00033351,5.2462e-05
0.622,1,0,0.00032944,5.5672e-05,0.00032202,7.3297e-05
0.624,1,0,0.00032988,5.5873e-05,0.00031173,5.7127e-05
0.626,1,0,0.00033032,5.6073e-05,0.00031299,6.222e-05
0.628,1,0,0.00033077,5.627e-05,0.00033882,6.871e-05
0.63,1,0,0.00033122,5.6466e-05,0.00032568,4.0119e-05
0.632,1,0,0.00033168,5.666e-05,0.00034787,5.0805e-05
0.634,1,0,0.00033214,5.6852e-05,0.0003222,5.2264e-05
0.636,1,0,0.0003326,5.7041e-05,0.00034639,2.8109e-05
0.638,1,0,0.00033308,5.7229e-05,0.00032533,7.8531e-05
0.64,1,0,0.00033355,5.7414e-05,0.00028516,4.5057e-05
0.642,1,0,0.00033403,5.7597e-05,0.00032213,6.413e-05
0.644,1,0,0.00033451,5.7777e-05,0.00034973,8.315e-05
0.646,1,0,0.00033499,5.7955e-05,0.0003452,5.314e-05
0.648,1,0,0.00033548,5.813e-05,0.00032399,7.3323e-05
0.65,1,0,0.00033597,5.8303e-05,0.00035641,6.9095e-05
0.652,1,0,0.00033646,5.8473e-05,0.00032998,4.9912e-05
0.654,1,0,0.00033695,5.864e-05,0.00035165,7.7619e-05
0.656,1,0,0.00033744,5.8805e-05,0.00033748,4.0732e-05
0.658,1,0,0.00033793,5.8967e-05,0.00034217,7.3181e-05
0.66,1,0,0.00033843,5.9125e-05,0.00033563,8.2319e-05
0.662,1,0,0.00033892,5.9281e-05,0.00034231,4.5874e-05
0.664,1,0,0.00033941,5.9434e-05,0.00033486,6.8781e-05
0.666,1,0,0.00033991,5.9584e-05,0.00034277,7.0992e-05
0.668,1,0,0.0003404,5.9731e-05,0.00036417,5.517e-05
0.67,1,0,0.00034089,5.9875e-05,0.0003143,5.7256e-05
0.672,1,0,0.00034138,6.0016e-05,0.00035016,4.9329e-05
0.674,1,0,0.00034187,6.0154e-05,0.00034046,6.5222e-05
0.676,1,0,0.00034235,6.0288e-05,0.00034001,5.3955e-05
0.678,1,0,0.00034284,6.042e-05,0.00032485,5.8354e-05
0.68,1,0,0.00034332,6.0548e-05,0.00035307,5.7726e-05
0.682,1,0,0.0003438,6.0673e-05,0.00034553,5.342e-05
0.684,1,0,0.00034428,6.0794e-05,0.00034444,6.7477e-05
0.686,1,0,0.00034475,6.0913e-05,0.00035785,4.9736e-05
0.688,1,0,0.00034522,6.1028e-05,0.00032941,7.0448e-05
0.69,1,0,0.00034569,6.1139e-05,0.00034139,6.8441e-05
0.692,1,0,0.00034615,6.1248e-05,0.00039037,4.3919e-05
0.694,1,0,0.00034661,6.1353e-05,0.0003428,4.1305e-05
0.696,1,0,0.00034707,6.1455e-05,0.00036599,7.7479e-05
0.698,1,0,0.00034752,6.1554e-05,0.00036764,6.3955e-05
0.7,1,0,0.00034796,6.1649e-05,0.00033974,6.5582e-05
0.702,1,0,0.0003484,6.1741e-05,0.00034551,6.2516e-05
0.704,1,0,0.00034884,6.183e-05,0.0003444,5.7244e-05
0.706,1,0,0.00034927,6.1915e-05,0.0003863,7.2961e-05
0.708,1,0,0.0003497,6.1997e-05,0.00037022,5.6344e-05
0.71,1,0,0.00035012,6.2076e-05,0.0003514,5.1414e-05
0.712,1,0,0.00035053,6.2151e-05,0.00035513,4.5616e-05
0.714,1,0,0.00035094,6.2223e-05,0.00033781,4.6307e-05
0.716,1,0,0.00035135,6.2292e-05,0.00034714,8.5941e-05
0.718,1,0,0.00035174,6.2358e-05,0.00037022,5.1377e-05
0.72,1,0,0.00035213,6.242e-05,0.00033849,5.2996e-05
0.722,1,0,0.00035252,6.2479e-05,0.00034682,7.0963e-05
0.724,1,0,0.0003529,6.2535e-05,0.00035985,9.6741e-05
0.726,1,0,0.00035327,6.2588e-05,0.00035078,6.594e-05
0.728,1,0,0.00035363,6.2638e-05,0.00035592,7.6157e-05
0.73,1,0,0.00035399,6.2684e-05,0.00035964,2.9364e-05
0.732,1,0,0.00035435,6.2728e-05,0.00033315,6.1535e-05
0.734,1,0,0.00035469,6.2768e-05,0.00030449,5.4626e-05
0.736,1,0,0.00035503,6.2806e-05,0.00036597,6.7414e-05
0.738,1,0,0.00035536,6.284e-05,0.00035586,5.5014e-05
0.74,1,0,0.00035568,6.2871e-05,0.0003665,9.1623e-05
0.742,1,0,0.000356,6.29e-05,0.0003598,6.7548e-05
0.744,1,0,0.00035631,6.2925e-05,0.00037223,6.2317e-05
0.746,1,0,0.00035661,6.2948e-05,0.00035203,7.6916e-05
0.748,1,0,0.0003569,6.2968e-05,0.00033268,7.2685e-05
0.75,1,0,0.00035719,6.2985e-05,0.0003548,7.7249e-05
0.752,1,0,0.00035747,6.2999e-05,0.0003728,6.3638e-05
0.754,1,0,0.00035774,6.301e-05,0.00032834,6.8974e-05
0.756,1,0,0.00035801,6.3019e-05,0.00037315,7.8405e-05
0.758,1,0,0.00035826,6.3025e-05,0.00035464,6.9535e-05
0.76,1,0,0.00035851,6.3029e-05,0.00036767,5.3084e-05
0.762,1,0,0.00035876,6.3029e-05,0.00036722,6.1308e-05
0.764,1,0,0.00035899,6.3028e-05,0.00035696,6.2385e-05
0.766,1,0,0.00035922,6.3024e-05,0.00035336,7.0022e-05
0.768,1,0,0.00035943,6.3017e-05,0.00035885,5.2191e-05
0.77,1,0,0.00035964,6.3008e-05,0.0003649,6.6513e-05
0.772,1,0,0.00035985,6.2997e-05,0.00036517,6.9347e-05
0.774,1,0,0.00036004,6.2984e-05,0.00034258,6.9178e-05
0.776,1,0,0.00036023,6.2968e-05,0.00034541,5.4764e-05
0.778,1,0,0.00036041,6.295e-05,0.00035239,7.2115e-05
0.78,1,0,0.00036059,6.293e-05,0.00035382,6.6602e-05
0.782,1,0,0.00036075,6.2908e-05,0.00036646,6.2626e-05
0.784,1,0,0.00036091,6.2883e-05,0.00037141,6.7851e-05
0.786,1,0,0.00036106,6.2857e-05,0.00038746,3.3354e-05
0.788,1,0,0.0003612,6.2829e-05,0.0003599,9.7832e-05
0.79,1,0,0.00036134,6.2799e-05,0.00035824,4.6095e-05
0.792,1,0,0.00036147,6.2767e-05,0.00034758,7.1357e-05
0.794,1,0,0.00036159,6.2733e-05,0.0003951,6.3882e-05
0.796,1,0,0.0003617,6.2697e-05,0.00035789,5.1673e-05
0.798,1,0,0.00036181,6.266e-05,0.00035572,5.0308e-05
0.8,1,0,0.00036191,6.2621e-05,0.00038896,7.9158e-05
0.802,1,0,0.000362,6.2581e-05,0.00036434,4.7686e-05
0.804,1,0,0.00036208,6.2539e-05,0.00037625,4.9769e-05
0.806,1,0,0.00036216,6.2495e-05,0.0003873,4.6778e-05
0.808,1,0,0.00036223,6.245e-05,0.00038587,4.8783e-05
0.81,1,0,0.0003623,6.2404e-05,0.00035591,5.8768e-05
0.812,1,0,0.00036235,6.2356e-05,0.00035945,5.6393e-05
0.814,1,0,0.00036241,6.2307e-05,0.00038261,7.5741e-05
0.816,1,0,0.00036245,6.2257e-05,0.00038528,4.7405e-05
0.818,1,0,0.00036249,6.2205e-05,0.00036067,4.2562e-05
0.82,1,0,0.00036252,6.2153e-05,0.00035316,7.6911e-05
0.822,1,0,0.00036255,6.2099e-05,0.00035911,4.1112e-05
0.824,1,0,0.00036257,6.2045e-05,0.00038022,4.8226e-05
0.826,1,0,0.00036258,6.1989e-05,0.00037563,4.5128e-05
0.828,1,0,0.00036259,6.1932e-05,0.00035613,7.5553e-05
0.83,1,0,0.00036259,6.1875e-05,0.00036802,4.1958e-05
0.832,1,0,0.00036258,6.1817e-05,0.0003614,5.9152e-05
0.834,1,0,0.00036257,6.1758e-05,0.00038217,5.665e-05
0.836,1,0,0.00036256,6.1698e-05,0.0003425,7.1166e-05
0.838,1,0,0.00036254,6.1637e-05,0.00037355,5.8161e-05
0.84,1,0,0.00036251,6.1576e-05,0.00036329,5.0039e-05
0.842,1,0,0.00036248,6.1515e-05,0.00037709,8.8103e-05
0.844,1,0,0.00036244,6.1452e-05,0.00037468,8.647e-05
0.846,1,0,0.0003624,6.139e-05,0.00037593,4.9271e-05
0.848,1,0,0.00036236,6.1326e-05,0.00036476,9.0006e-05
0.85,1,0,0.0003623,6.1263e-05,0.00038194,6.7102e-05
0.852,1,0,0.00036225,6.1199e-05,0.00036157,4.8114e-05
0.854,1,0,0.00036219,6.1134e-05,0.00039598,6.1051e-05
0.856,1,0,0.00036212,6.107e-05,0.00034862,5.6594e-05
0.858,1,0,0.00036205,6.1005e-05,0.00036687,6.1331e-05
0.86,1,0,0.00036198,6.094e-05,0.00037527,5.5724e-05
0.862,1,0,0.0003619,6.0875e-05,0.00037868,7.1559e-05
0.864,1,0,0.00036182,6.081e-05,0.00036197,5.5869e-05
0.866,1,0,0.00036173,6.0745e-05,0.0003818,7.2543e-05
0.868,1,0,0.00036164,6.0679e-05,0.00036201,4.7638e-05
0.87,1,0,0.00036155,6.0614e-05,0.0003291,4.474e-05
0.872,1,0,0.00036145,6.0549e-05,0.00036584,6.9641e-05
0.874,1,0,0.00036135,6.0484e-05,0.00036512,5.0831e-05
0.876,1,0,0.00036125,6.0419e-05,0.00037369,7.4335e-05
0.878,1,0,0.00036114,6.0354e-05,0.0003517,4.5139e-05
0.88,1,0,0.00036103,6.0289e-05,0.00031869,3.7859e-05
0.882,1,0,0.00036092,6.0225e-05,0.00037838,5.3002e-05
0.884,1,0,0.0003608,6.0161e-05,0.00033975,6.7925e-05
0.886,1,0,0.00036069,6.0097e-05,0.00035578,5.3812e-05
0.888,1,0,0.00036057,6.0033e-05,0.00036209,4.6165e-05
0.89,1,0,0.00036044,5.997e-05,0.00037304,6.7545e-05
0.892,1,0,0.00036032,5.9908e-05,0.00034014,3.2085e-05
0.894,1,0,0.00036019,5.9845e-05,0.00034883,7.572e-05
0.896,1,0,0.00036006,5.9784e-05,0.00035103,5.589e-05
0.898,1,0,0.00035993,5.9722e-05,0.00033653,4.4797e-05
0.9,1,0,0.00035979,5.9662e-05,0.00035704,6.0512e-05
0.902,1,0,0.00035966,5.9601e-05,0.00032811,8.1822e-05
0.904,1,0,0.00035952,5.9542e-05,0.00038982,8.0071e-05
0.906,1,0,0.00035938,5.9483e-05,0.00035702,7.2045e-05
0.908,1,0,0.00035924,5.9424e-05,0.00035177,6.0038e-05
0.91,1,0,0.0003591,5.9366e-05,0.00032772,6.1822e-05
0.912,1,0,0.00035896,5.9309e-05,0.00038389,5.8721e-05
0.914,1,0,0.00035881,5.9253e-05,0.00035879,7.1115e-05
0.916,1,0,0.00035867,5.9197e-05,0.00034357,4.1489e-05
0.918,1,0,0.00035852,5.9142e-05,0.00036306,7.6e-05
0.92,1,0,0.00035837,5.9088e-05,0.00036159,7.4126e-05
0.922,1,0,0.00035823,5.9035e-05,0.00035521,5.5221e-05
0.924,1,0,0.00035808,5.8982e-05,0.000369,4.4619e-05
0.926,1,0,0.00035793,5.893e-05,0.00037225,5.1463e-05
0.928,1,0,0.00035778,5.8879e-05,0.00034456,7.8961e-05
0.93,1,0,0.00035763,5.8829e-05,0.00036502,6.9401e-05
0.932,1,0,0.00035748,5.878e-05,0.00035644,5.1766e-05
0.934,1,0,0.00035733,5.8731e-05,0.00036582,4.9113e-05
0.936,1,0,0.00035718,5.8684e-05,0.00033917,6.092e-05
0.938,1,0,0.00035703,5.8637e-05,0.0003676,4.8107e-05
0.94,1,0,0.00035688,5.8592e-05,0.0003563,7.2701e-05
0.942,1,0,0.00035674,5.8547e-05,0.00034539,3.1348e-05
0.944,1,0,0.00035659,5.8503e-05,0.00035502,6.5353e-05
0.946,1,0,0.00035644,5.846e-05,0.00034716,7.0574e-05
0.948,1,0,0.00035629,5.8418e-05,0.00035858,4.6246e-05
0.95,1,0,0.00035614,5.8377e-05,0.00036016,7.2342e-05
0.952,1,0,0.000356,5.8337e-05,0.00032246,3.3769e-05
0.954,1,0,0.00035585,5.8298e-05,0.00035649,5.8557e-05
0.956,1,0,0.0003557,5.826e-05,0.00033958,3.2328e-05
0.958,1,0,0.00035556,5.8223e-05,0.0003525,4.9389e-05
0.96,1,0,0.00035542,5.8187e-05,0.00035652,4.3405e-05
0.962,1,0,0.00035527,5.8152e-05,0.000345,4.0914e-05
0.964,1,0,0.00035513,5.8118e-05,0.00034949,6.7517e-05
0.966,1,0,0.00035499,5.8085e-05,0.00035496,8.4863e-05
0.968,1,0,0.00035485,5.8053e-05,0.00035111,6.6096e-05
0.97,1,0,0.00035471,5.8022e-05,0.00037046,6.3568e-05
0.972,1,0,0.00035458,5.7992e-05,0.00037183,9.9256e-05
0.974,1,0,0.00035444,5.7964e-05,0.00033352,7.3372e-05
0.976,1,0,0.00035431,5.7936e-05,0.00032957,6.0045e-05
0.978,1,0,0.00035418,5.7909e-05,0.00037903,5.1592e-05
0.98,1,0,0.00035405,5.7883e-05,0.00033624,5.8847e-05
0.982,1,0,0.00035392,5.7858e-05,0.00036946,7.3638e-05
0.984,1,0,0.00035379,5.7834e-05,0.0003644,7.4137e-05
0.986,1,0,0.00035366,5.7811e-05,0.00032272,5.026e-05
0.988,1,0,0.00035354,5.7789e-05,0.00034126,7.6457e-05
0.99,1,0,0.00035342,5.7768e-05,0.0003794,5.1238e-05
0.992,1,0,0.0003533,5.7748e-05,0.00036685,4.4802e-05
0.994,1,0,0.00035318,5.7729e-05,0.00035028,5.2437e-05
0.996,1,0,0.00035306,5.7712e-05,0.00036033,7.5387e-05
0.998,1,0,0.00035295,5.7695e-05,0.00036745,7.9585e-05
1,1,0,0.00035283,5.7679e-05,0.00036068,4.0298e-05
1.002,1,0,0.00035272,5.7664e-05,0.00035413,5.0431e-05
1.004,1,0,0.00035261,5.7649e-05,0.00036692,6.3734e-05
1.006,1,0,0.00035251,5.7636e-05,0.00033981,4.1757e-05
1.008,1,0,0.0003524,5.7624e-05,0.00034834,5.2736e-05
1.01,1,0,0.0003523,5.7613e-05,0.00036535,7.3298e-05
1.012,1,0,0.0003522,5.7603e-05,0.00033763,4.9151e-05
1.014,1,0,0.0003521,5.7593e-05,0.00034955,5.2628e-05
1.016,1,0,0.00035201,5.7585e-05,0.00037141,5.057e-05
1.018,1,0,0.00035191,5.7577e-05,0.00035449,4.5307e-05
1.02,1,0,0.00035182,5.757e-05,0.0003573,5.5851e-05
1.022,1,0,0.00035173,5.7564e-05,0.00032814,6.3487e-05
1.024,1,0,0.00035165,5.7559e-05,0.00034132,5.9634e-05
1.026,1,0,0.00035156,5.7555e-05,0.00036632,5.8189e-05
1.028,1,0,0.00035148,5.7551e-05,0.00034538,5.683e-05
1.03,1,0,0.0003514,5.7549e-05,0.00036306,6.5265e-05
1.032,1,0,0.00035132,5.7547e-05,0.00035363,5.3834e-05
1.034,1,0,0.00035125,5.7546e-05,0.00034028,1.8064e-05
1.036,1,0,0.00035117,5.7546e-05,0.00034473,6.1886e-05
1.038,1,0,0.0003511,5.7547e-05,0.00034994,4.2137e-05
1.04,1,0,0.00035103,5.7548e-05,0.00035443,5.149e-05
1.042,1,0,0.00035097,5.755e-05,0.00034932,7.7745e-05
1.044,1,0,0.0003509,5.7553e-05,0.00036893,6.4138e-05
1.046,1,0,0.00035084,5.7556e-05,0.0003503,1.508e-05
1.048,1,0,0.00035078,5.756e-05,0.00034617,4.4276e-05
1.05,1,0,0.00035073,5.7565e-05,0.00038229,6.6247e-05
1.052,1,0,0.00035067,5.7571e-05,0.00033665,8.2876e-05
1.054,1,0,0.00035062,5.7577e-05,0.00034526,5.3721e-05
1.056,1,0,0.00035057,5.7584e-05,0.00035593,4.6618e-05
1.058,1,0,0.00035052,5.7591e-05,0.00034225,3.4655e-05
1.06,1,0,0.00035048,5.7599e-05,0.00035954,6.1165e-05
1.062,1,0,0.00035043,5.7608e-05,0.0003176,5.2232e-05
1.064,1,0,0.00035039,5.7617e-05,0.00038208,4.8301e-05
1.066,1,0,0.00035035,5.7627e-05,0.00035317,7.6262e-05
1.068,1,0,0.00035032,5.7637e-05,0.00034381,4.8077e-05
1.07,1,0,0.00035028,5.7648e-05,0.00035585,6.8127e-05
1.072,1,0,0.00035025,5.766e-05,0.00036309,3.6454e-05
1.074,1,0,0.00035022,5.7672e-05,0.00036369,8.7536e-05
1.076,1,0,0.00035019,5.7684e-05,0.00036382,5.9233e-05
1.078,1,0,0.00035017,5.7697e-05,0.0003616,6.4151e-05
1.08,1,0,0.00035014,5.771e-05,0.00033888,4.3336e-05
1.082,1,0,0.00035012,5.7724e-05,0.00034546,4.6294e-05
1.084,1,0,0.0003501,5.7738e-05,0.00036917,5.129e-05
1.086,1,0,0.00035008,5.7752e-05,0.0003508,5.9527e-05
1.088,1,0,0.00035007,5.7767e-05,0.00033433,2.5757e-05
1.09,1,0,0.00035005,5.7783e-05,0.00035407,6.1749e-05
1.092,1,0,0.00035004,5.7798e-05,0.00034059,7.3841e-05
1.094,1,0,0.00035003,5.7814e-05,0.00036447,5.6712e-05
1.096,1,0,0.00035003,5.7831e-05,0.00034468,6.812e-05
1.098,1,0,0.00035002,5.7847e-05,0.00034229,4.7618e-05
1.1,1,0,0.00035002,5.7864e-05,0.00035423,5.4012e-05
1.102,1,0,0.00035001,5.7881e-05,0.00035485,5.7172e-05
1.104,1,0,0.00035001,5.7899e-05,0.00033066,4.4308e-05
1.106,1,0,0.00035002,5.7917e-05,0.00036993,5.6942e-05
1.108,1,0,0.00035002,5.7935e-05,0.00035514,4.2876e-05
1.11,1,0,0.00035002,5.7953e-05,0.00036393,5.4395e-05
1.112,1,0,0.00035003,5.7971e-05,0.00036833,5.2922e-05
1.114,1,0,0.00035004,5.799e-05,0.00033717,5.1423e-05
1.116,1,0,0.00035005,5.8009e-05,0.0003241,7.4433e-05
1.118,1,0,0.00035006,5.8027e-05,0.00033495,6.4573e-05
1.12,1,0,0.00035007,5.8047e-05,0.00033286,4.7785e-05
1.122,1,0,0.00035009,5.8066e-05,0.00034404,7.4885e-05
1.124,1,0,0.0003501,5.8085e-05,0.00033119,5.9669e-05
1.126,1,0,0.00035012,5.8104e-05,0.00037026,6.5627e-05
1.128,1,0,0.00035014,5.8124e-05,0.00034546,5.806e-05
1.13,1,0,0.00035016,5.8144e-05,0.00035658,4.3138e-05
1.132,1,0,0.00035018,5.8163e-05,0.00036914,6.4011e-05
1.134,1,0,0.0003502,5.8183e-05,0.00030458,5.3408e-05
1.136,1,0,0.00035022,5.8203e-05,0.00033903,2.5643e-05
1.138,1,0,0.00035025,5.8223e-05,0.00034934,6.5918e-05
1.14,1,0,0.00035028,5.8242e-05,0.00034817,5.3088e-05
1.142,1,0,0.0003503,5.8262e-05,0.00034058,7.8937e-05
1.144,1,0,0.00035033,5.8282e-05,0.00033418,6.3354e-05
1.146,1,0,0.00035036,5.8302e-05,0.000359,6.7724e-05
1.148,1,0,0.00035039,5.8322e-05,0.00037133,4.8092e-05
1.15,1,0,0.00035042,5.8341e-05,0.00035228,3.5251e-05
1.152,1,0,0.00035046,5.8361e-05,0.00035294,6.7406e-05
1.154,1,0,0.00035049,5.8381e-05,0.00034944,3.4655e-05
1.156,1,0,0.00035052,5.84e-05,0.00036691,6.5709e-05
1.158,1,0,0.00035056,5.842e-05,0.00031663,6.4181e-05
1.16,1,0,0.00035059,5.8439e-05,0.00034103,9.6062e-05
1.162,1,0,0.00035063,5.8458e-05,0.00035617,4.7666e-05
1.164,1,0,0.00035067,5.8477e-05,0.00035242,5.859e-05
1.166,1,0,0.00035071,5.8496e-05,0.00035201,8.0326e-05
1.168,1,0,0.00035075,5.8515e-05,0.00035755,5.932e-05
1.17,1,0,0.00035078,5.8534e-05,0.00035135,5.8211e-05
1.172,1,0,0.00035082,5.8553e-05,0.00032663,4.9368e-05
1.174,1,0,0.00035087,5.8571e-05,0.00033115,5.5186e-05
1.176,1,0,0.00035091,5.8589e-05,0.00033633,5.8102e-05
1.178,1,0,0.00035095,5.8607e-05,0.00034976,5.9533e-05
1.18,1,0,0.00035099,5.8625e-05,0.00035492,7.9197e-05
1.182,1,0,0.00035103,5.8643e-05,0.00033908,4.7779e-05
1.184,1,0,0.00035108,5.866e-05,0.00032973,5.2372e-05
1.186,1,0,0.00035112,5.8678e-05,0.00033915,3.7444e-05
1.188,1,0,0.00035116,5.8695e-05,0.00037795,5.6325e-05
1.19,1,0,0.00035121,5.8712e-05,0.00035967,6.271e-05
1.192,1,0,0.00035125,5.8728e-05,0.0003358,3.8466e-05
1.194,1,0,0.0003513,5.8745e-05,0.00035046,4.3342e-05
1.196,1,0,0.00035134,5.8761e-05,0.00035669,4.8777e-05
1.198,1,0,0.00035139,5.8777e-05,0.00033255,5.6866e-05
1.2,1,0,0.00035143,5.8793e-05,0.0003229,4.9967e-05
1.202,1,0,0.00035148,5.8808e-05,0.00034219,6.0357e-05
1.204,1,0,0.00035152,5.8823e-05,0.00036181,5.1514e-05
1.206,1,0,0.00035157,5.8838e-05,0.0003633,6.5948e-05
1.208,1,0,0.00035161,5.8853e-05,0.00032611,4.6902e-05
1.21,1,0,0.00035166,5.8867e-05,0.00036592,5.6906e-05
1.212,1,0,0.0003517,5.8881e-05,0.00035819,5.9602e-05
1.214,1,0,0.00035175,5.8895e-05,0.00035897,5.7374e-05
1.216,1,0,0.00035179,5.8909e-05,0.00035828,6.8547e-05
1.218,1,0,0.00035184,5.8922e-05,0.00032434,2.8717e-05
1.22,1,0,0.00035188,5.8935e-05,0.00034189,4.7739e-05
1.222,1,0,0.00035193,5.8948e-05,0.00037232,3.9897e-05
1.224,1,0,0.00035197,5.896e-05,0.0003605,7.1713e-05
1.226,1,0,0.00035202,5.8972e-05,0.00034905,6.6967e-05
1.228,1,0,0.00035206,5.8984e-05,0.00036031,7.7493e-05
1.23,1,0,0.00035211,5.8995e-05,0.00035712,4.2898e-05
1.232,1,0,0.00035215,5.9007e-05,0.00037364,6.8701e-05
1.234,1,0,0.00035219,5.9017e-05,0.0003616,6.6918e-05
1.236,1,0,0.00035224,5.9028e-05,0.00031642,5.2323e-05
1.238,1,0,0.00035228,5.9038e-05,0.00036252,7.7311e-05
1.24,1,0,0.00035232,5.9048e-05,0.00036349,6.9543e-05
1.242,1,0,0.00035236,5.9058e-05,0.0003319,6.3109e-05
1.244,1,0,0.00035241,5.9067e-05,0.0003282,6.3494e-05
1.246,1,0,0.00035245,5.9076e-05,0.0003778,6.2455e-05
1.248,1,0,0.00035249,5.9085e-05,0.0003449,7.1967e-05
1.25,1,0,0.00035253,5.9094e-05,0.0003676,5.7946e-05
1.252,1,0,0.00035257,5.9102e-05,0.00034236,5.3124e-05
1.254,1,0,0.00035261,5.911e-05,0.00035988,6.5304e-05
1.256,1,0,0.00035265,5.9117e-05,0.00039052,6.5106e-05
1.258,1,0,0.00035269,5.9124e-05,0.00037175,6.5504e-05
1.26,1,0,0.00035273,5.9131e-05,0.00036499,3.6073e-05
1.262,1,0,0.00035276,5.9138e-05,0.00035085,3.6765e-05
1.264,1,0,0.0003528,5.9144e-05,0.00035783,4.1625e-05
1.266,1,0,0.00035284,5.915e-05,0.00035119,6.8287e-05
1.268,1,0,0.00035287,5.9156e-05,0.00032375,4.632e-05
1.27,1,0,0.00035291,5.9161e-05,0.00036583,8.591e-05
1.272,1,0,0.00035294,5.9166e-05,0.00039109,3.251e-05
1.274,1,0,0.00035298,5.9171e-05,0.00038074,7.1425e-05
1.276,1,0,0.00035301,5.9176e-05,0.00037066,3.8419e-05
1.278,1,0,0.00035304,5.918e-05,0.00035699,5.2409e-05
1.28,1,0,0.00035308,5.9184e-05,0.00032948,4.1385e-05
1.282,1,0,0.00035311,5.9188e-05,0.00034739,3.1257e-05
1.284,1,0,0.00035314,5.9191e-05,0.00035656,4.3254e-05
1.286,1,0,0.00035317,5.9194e-05,0.00034547,5.2104e-05
1.288,1,0,0.0003532,5.9197e-05,0.00034997,4.4247e-05
1.29,1,0,0.00035323,5.92e-05,0.00031824,6.388e-05
1.292,1,0,0.00035326,5.9202e-05,0.00038631,6.153e-05
1.294,1,0,0.00035328,5.9204e-05,0.00035897,6.3841e-05
1.296,1,0,0.00035331,5.9206e-05,0.00033996,8.1639e-05
1.298,1,0,0.00035334,5.9207e-05,0.00036742,6.7719e-05
1.3,1,0,0.00035336,5.9208e-05,0.00036038,6.7437e-05
1.302,1,0,0.00035339,5.9209e-05,0.00036084,6.9298e-05
1.304,1,0,0.00035341,5.921e-05,0.00036171,7.0928e-05
1.306,1,0,0.00035343,5.9211e-05,0.00037023,5.6441e-05
1.308,1,0,0.00035346,5.9211e-05,0.00035334,7.4465e-05
1.31,1,0,0.00035348,5.9211e-05,0.00036291,6.12e-05
1.312,1,0,0.0003535,5.9211e-05,0.00034426,6.7764e-05
1.314,1,0,0.00035352,5.921e-05,0.00038191,6.4259e-05
1.316,1,0,0.00035354,5.921e-05,0.00033827,4.1126e-05
1.318,1,0,0.00035356,5.9209e-05,0.00034257,3.3459e-05
1.32,1,0,0.00035358,5.9208e-05,0.0003547,4.6465e-05
1.322,1,0,0.0003536,5.9207e-05,0.00036626,3.9357e-05
1.324,1,0,0.00035361,5.9205e-05,0.0003383,6.1492e-05
1.326,1,0,0.00035363,5.9203e-05,0.0003493,6.6895e-05
1.328,1,0,0.00035365,5.9202e-05,0.00035427,6.3902e-05
1.33,1,0,0.00035366,5.9199e-05,0.00038925,7.0085e-05
1.332,1,0,0.00035368,5.9197e-05,0.00033506,8.1272e-05
1.334,1,0,0.00035369,5.9195e-05,0.00035476,4.2172e-05
1.336,1,0,0.0003537,5.9192e-05,0.0003975,6.7209e-05
1.338,1,0,0.00035372,5.9189e-05,0.00035356,4.0478e-05
1.34,1,0,0.00035373,5.9186e-05,0.00037151,5.5803e-05
1.342,1,0,0.00035374,5.9183e-05,0.00036621,5.7971e-05
1.344,1,0,0.00035375,5.918e-05,0.00037868,6.1764e-05
1.346,1,0,0.00035376,5.9176e-05,0.0003632,4.53e-05
1.348,1,0,0.00035377,5.9173e-05,0.00038103,4.6935e-05
1.35,1,0,0.00035378,5.9169e-05,0.00035155,8.4995e-05
1.352,1,0,0.00035378,5.9165e-05,0.00036516,6.7138e-05
1.354,1,0,0.00035379,5.9161e-05,0.00037482,8.3849e-05
1.356,1,0,0.0003538,5.9157e-05,0.00035847,7.8764e-05
1.358,1,0,0.0003538,5.9153e-05,0.00034013,6.0982e-05
1.36,1,0,0.00035381,5.9148e-05,0.00035178,5.3374e-05
1.362,1,0,0.00035381,5.9144e-05,0.00036509,5.1771e-05
1.364,1,0,0.00035382,5.9139e-05,0.00032795,6.6409e-05
1.366,1,0,0.00035382,5.9134e-05,0.00035868,6.0496e-05
1.368,1,0,0.00035382,5.9129e-05,0.00033753,4.2013e-05
1.37,1,0,0.00035383,5.9124e-05,0.00036195,2.1908e-05
1.372,1,0,0.00035383,5.9119e-05,0.0003801,8.4546e-05
1.374,1,0,0.00035383,5.9114e-05,0.00033937,4.0749e-05
1.376,1,0,0.00035383,5.9109e-05,0.00034315,6.7472e-05
1.378,1,0,0.00035383,5.9104e-05,0.00036363,5.1281e-05
1.38,1,0,0.00035383,5.9098e-05,0.00036234,2.6653e-05
1.382,1,0,0.00035383,5.9093e-05,0.00033818,5.1656e-05
1.384,1,0,0.00035383,5.9087e-05,0.00033624,5.9164e-05
1.386,1,0,0.00035382,5.9082e-05,0.00035128,7.3136e-05
1.388,1,0,0.00035382,5.9076e-05,0.00034686,8.547e-05
1.39,1,0,0.00035382,5.907e-05,0.000364,5.0192e-05
1.392,1,0,0.00035382,5.9065e-05,0.00034072,7.0154e-05
1.394,1,0,0.00035381,5.9059e-05,0.00034643,5.0116e-05
1.396,1,0,0.00035381,5.9053e-05,0.00035524,6.6353e-05
1.398,1,0,0.0003538,5.9047e-05,0.00036104,5.1397e-05
1.4,1,0,0.0003538,5.9041e-05,0.00022405,-5.1386e-05
1.402,1,0,0.00035379,5.9035e-05,0.00063645,-1.9503e-05
1.404,1,0,0.00035379,5.9029e-05,7.5373e-07,0.00026965
1.406,1,0,0.00035378,5.9023e-05,0.00037584,1.0929e-05
1.408,1,0,0.00035377,5.9017e-05,0.00024901,0.00022364
1.41,1,0,0.00035376,5.9011e-05,7.9223e-05,2.029e-05
1.412,1,0,0.00035376,5.9005e-05,0.00037375,9.0094e-05
1.414,1,0,0.00035375,5.8999e-05,-0.00017733,2.9732e-05
1.416,1,0,0.00035374,5.8993e-05,-0.0002231,7.0629e-06
1.418,1,0,0.00035373,5.8987e-05,-0.00017384,2.689e-05
1.42,1,0,0.00035372,5.8981e-05,7.0803e-05,7.8292e-05
1.422,1,0,0.00035371,5.8975e-05,0.00070457,8.7548e-05
1.424,1,0,0.0003537,5.8969e-05,0.00037125,2.9065e-05
1.426,1,0,0.00035369,5.8963e-05,0.00085255,0.00010736
1.428,1,0,0.00035368,5.8957e-05,0.00072264,1.6801e-05
1.43,1,0,0.00035367,5.8952e-05,0.00016676,5.1352e-05
1.432,1,0,0.00035366,5.8946e-05,-0.00013178,8.3916e-05
1.434,1,0,0.00035365,5.894e-05,0.0003689,0.00010471
1.436,1,0,0.00035364,5.8934e-05,0.00022045,-3.5758e-06
1.438,1,0,0.00035363,5.8928e-05,0.00076929,-3.0602e-05
1.44,1,0,0.00035362,5.8922e-05,0.00010042,3.1297e-05
1.442,1,0,0.00035361,5.8917e-05,0.00092824,4.1399e-05
1.444,1,0,0.00035359,5.8911e-05,0.00044583,-3.2713e-05
1.446,1,0,0.00035358,5.8905e-05,0.00049655,0.00010863
1.448,1,0,0.00035357,5.89e-05,0.00010165,0.00016292
1.45,1,0,0.00035356,5.8894e-05,-5.5256e-06,3.3021e-05
1.452,1,0,0.00035354,5.8889e-05,0.00028779,3.9672e-05
1.454,1,0,0.00035353,5.8883e-05,0.00036661,-1.8366e-06
1.456,1,0,0.00035352,5.8878e-05,-0.00016424,7.0317e-05
1.458,1,0,0.00035351,5.8873e-05,0.00037704,8.3253e-06
1.46,1,0,0.00035349,5.8867e-05,7.9729e-05,9.7131e-05
1.462,1,0,0.00035348,5.8862e-05,0.00046887,8.8107e-05
1.464,1,0,0.00035347,5.8857e-05,0.00070667,8.1343e-05
1.466,1,0,0.00035345,5.8852e-05,-0.00030539,3.42e-05
1.468,1,0,0.00035344,5.8847e-05,0.00010242,0.00021428
1.47,1,0,0.00035343,5.8842e-05,0.00027162,-7.6748e-05
1.472,1,0,0.00035341,5.8837e-05,-0.00046281,9.5048e-05
1.474,1,0,0.0003534,5.8833e-05,-0.00058064,0.00013743
1.476,1,0,0.00035338,5.8828e-05,-0.00024564,6.1596e-05
1.478,1,0,0.00035337,5.8823e-05,0.00066526,0.00010516
1.48,1,0,0.00035336,5.8819e-05,0.00098417,1.324e-05
1.482,1,0,0.00035334,5.8814e-05,0.00012079,5.0333e-05
1.484,1,0,0.00035333,5.881e-05,0.00018953,0.00013895
1.486,1,0,0.00035332,5.8806e-05,0.0003805,8.5753e-06
1.488,1,0,0.0003533,5.8802e-05,0.00061111,0.00016526
1.49,1,0,0.00035329,5.8797e-05,0.0007005,-3.7184e-05
1.492,1,0,0.00035327,5.8793e-05,0.001187,1.886e-05
1.494,1,0,0.00035326,5.8789e-05,0.00050133,0.00017389
1.496,1,0,0.00035325,5.8786e-05,-5.8357e-05,8.6476e-05
1.498,1,0,0.00035323,5.8782e-05,0.0011401,7.4661e-05
1.5,1,0,0.00035322,5.8778e-05,7.0987e-07,8.1638e-05
1.502,1,0,0.00035321,5.8775e-05,0.00010868,6.513e-06
1.504,1,0,0.00035319,5.8771e-05,0.00068889,-3.9566e-05
1.506,1,0,0.00035318,5.8768e-05,0.00041855,-6.5658e-05
1.508,1,0,0.00035317,5.8764e-05,0.00037415,0.00010614
1.51,1,0,0.00035315,5.8761e-05,0.00034294,-5.6499e-05
1.512,1,0,0.00035314,5.8758e-05,-0.00012127,6.0764e-05
1.514,1,0,0.00035313,5.8755e-05,-9.9243e-05,-3.0113e-05
1.516,1,0,0.00035312,5.8752e-05,-0.00022764,0.00010623
1.518,1,0,0.0003531,5.8749e-05,0.00063113,5.0947e-05
1.52,1,0,0.00035309,5.8747e-05,3.6149e-05,4.5763e-05
1.522,1,0,0.00035308,5.8744e-05,-0.00025108,2.6173e-05
1.524,1,0,0.00035307,5.8741e-05,0.00050017,0.00014944
1.526,1,0,0.00035305,5.8739e-05,0.00027075,0.000115
1.528,1,0,0.00035304,5.8737e-05,-0.00010638,-6.1617e-06
1.53,1,0,0.00035303,5.8734e-05,0.00047656,3.6014e-05
1.532,1,0,0.00035302,5.8732e-05,0.00049148,6.057e-05
1.534,1,0,0.00035301,5.873e-05,0.00057084,4.9266e-05
1.536,1,0,0.00035299,5.8728e-05,0.00013936,0.00011414
1.538,1,0,0.00035298,5.8726e-05,0.00022832,-1.2669e-05
1.54,1,0,0.00035297,5.8724e-05,0.00020634,7.8516e-05
1.542,1,0,0.00035296,5.8723e-05,0.00038717,0.00011576
1.544,1,0,0.00035295,5.8721e-05,0.00051168,6.8269e-05
1.546,1,0,0.00035294,5.8719e-05,0.00097395,5.1408e-05
1.548,1,0,0.00035293,5.8718e-05,0.00013505,-2.0018e-05
1.55,1,0,0.00035292,5.8717e-05,0.00013775,0.0001945
1.552,1,0,0.00035291,5.8715e-05,0.00027659,4.7941e-05
1.554,1,0,0.0003529,5.8714e-05,0.00075777,-1.2306e-05
1.556,1,0,0.00035289,5.8713e-05,0.0002182,7.4909e-07
1.558,1,0,0.00035288,5.8712e-05,0.00067877,-2.4688e-05
1.56,1,0,0.00035287,5.8711e-05,8.875e-05,4.7105e-06
1.562,1,0,0.00035286,5.871e-05,5.3697e-05,9.0217e-05
1.564,1,0,0.00035285,5.8709e-05,0.0010344,3.9937e-05
1.566,1,0,0.00035285,5.8709e-05,0.00066622,9.4585e-05
1.568,1,0,0.00035284,5.8708e-05,0.0005798,8.1373e-05
1.57,1,0,0.00035283,5.8708e-05,0.00034016,1.5197e-05
1.572,1,0,0.00035282,5.8707e-05,0.00013844,0.00010593
1.574,1,0,0.00035281,5.8707e-05,0.00077548,6.4566e-05
1.576,1,0,0.00035281,5.8706e-05,0.00079348,4.268e-05
1.578,1,0,0.0003528,5.8706e-05,-0.00027553,5.701e-05
1.58,1,0,0.00035279,5.8706e-05,-5.2065e-05,4.4657e-05
1.582,1,0,0.00035278,5.8706e-05,0.00023547,2.7043e-05
1.584,1,0,0.00035278,5.8706e-05,0.00083144,0.00018004
1.586,1,0,0.00035277,5.8706e-05,0.00048146,5.5353e-05
1.588,1,0,0.00035276,5.8706e-05,0.00077721,3.3255e-05
1.59,1,0,0.00035276,5.8706e-05,0.00015929,3.0908e-05
1.592,1,0,0.00035275,5.8707e-05,0.00049731,-3.2068e-05
1.594,1,0,0.00035275,5.8707e-05,0.00013095,0.00011574
1.596,1,0,0.00035274,5.8707e-05,-0.00032492,1.3846e-06
1.598,1,0,0.00035274,5.8708e-05,0.00045292,7.0244e-05
1.6,1,0,0.00035273,5.8708e-05,0.0003725,5.9193e-05
1.602,1,0,0.00035273,5.8709e-05,8.3231e-05,7.6462e-05
1.604,1,0,0.00035272,5.871e-05,0.00016416,4.6766e-05
1.606,1,0,0.00035272,5.871e-05,7.6168e-05,1.487e-05
1.608,1,0,0.00035271,5.8711e-05,0.00055719,2.3319e-05
1.61,1,0,0.00035271,5.8712e-05,-1.455e-05,6.1781e-05
1.612,1,0,0.00035271,5.8713e-05,0.00057502,6.0688e-05
1.614,1,0,0.0003527,5.8714e-05,0.00024722,-3.5258e-05
1.616,1,0,0.0003527,5.8715e-05,0.00025321,0.00016348
1.618,1,0,0.0003527,5.8716e-05,4.2749e-05,5.5249e-06
1.62,1,0,0.00035269,5.8717e-05,5.932e-05,0.00026646
1.622,1,0,0.00035269,5.8718e-05,0.00011604,5.5856e-05
1.624,1,0,0.00035269,5.8719e-05,2.7864e-05,4.5412e-05
1.626,1,0,0.00035269,5.872e-05,0.00010128,4.5207e-05
1.628,1,0,0.00035268,5.8721e-05,0.00012832,7.4612e-05
1.63,1,0,0.00035268,5.8723e-05,-0.0001691,9.6826e-05
1.632,1,0,0.00035268,5.8724e-05,-0.00025436,0.00030941
1.634,1,0,0.00035268,5.8725e-05,-0.00067266,-5.5748e-05
1.636,1,0,0.00035268,5.8727e-05,0.00052826,-8.4291e-07
1.638,1,0,0.00035268,5.8728e-05,8.9802e-06,1.5275e-05
1.64,1,0,0.00035267,5.8729e-05,0.00043835,6.6269e-05
1.642,1,0,0.00035267,5.8731e-05,0.00021887,4.0835e-05
1.644,1,0,0.00035267,5.8732e-05,0.0006812,9.472e-05
1.646,1,0,0.00035267,5.8734e-05,0.00049706,-1.8306e-05
1.648,1,0,0.00035267,5.8735e-05,0.0008679,0.00016509
1.65,1,0,0.00035267,5.8737e-05,0.00040799,9.2997e-05
1.652,1,0,0.00035267,5.8739e-05,0.00052508,3.3708e-05
1.654,1,0,0.00035267,5.874e-05,0.00023607,-1.3959e-05
1.656,1,0,0.00035267,5.8742e-05,3.0696e-05,2.8812e-05
1.658,1,0,0.00035267,5.8744e-05,-0.00024509,6.4634e-05
1.66,1,0,0.00035267,5.8745e-05,-0.00012679,9.4705e-06
1.662,1,0,0.00035267,5.8747e-05,0.00097801,0.00011536
1.664,1,0,0.00035268,5.8749e-05,-0.00010341,2.3065e-05
1.666,1,0,0.00035268,5.8751e-05,0.00054079,9.5439e-06
1.668,1,0,0.00035268,5.8752e-05,0.0003932,8.6413e-05
1.67,1,0,0.00035268,5.8754e-05,0.00058631,6.9349e-06
1.672,1,0,0.00035268,5.8756e-05,0.00029004,0.00010178
1.674,1,0,0.00035268,5.8758e-05,0.0002421,-3.8852e-05
1.676,1,0,0.00035268,5.8759e-05,0.00059822,1.7596e-05
1.678,1,0,0.00035269,5.8761e-05,0.00022774,0.00022896
1.68,1,0,0.00035269,5.8763e-05,0.00045739,8.2878e-06
1.682,1,0,0.00035269,5.8765e-05,0.00083531,3.9591e-05
1.684,1,0,0.00035269,5.8767e-05,0.00055474,8.888e-05
1.686,1,0,0.00035269,5.8769e-05,0.00014806,7.2605e-05
1.688,1,0,0.0003527,5.877e-05,0.00024428,0.00027173
1.69,1,0,0.0003527,5.8772e-05,0.00086304,9.8654e-05
1.692,1,0,0.0003527,5.8774e-05,-0.00027687,1.9912e-05
1.694,1,0,0.0003527,5.8776e-05,0.00045159,8.7508e-05
1.696,1,0,0.00035271,5.8778e-05,0.00086546,0.00013637
1.698,1,0,0.00035271,5.8779e-05,0.00034427,4.3419e-05
1.7,1,0,0.00035271,5.8781e-05,0.000415,-7.2307e-05
1.702,1,0,0.00035272,5.8783e-05,0.0003495,5.8585e-05
1.704,1,0,0.00035272,5.8785e-05,0.00034251,7.8275e-05
1.706,1,0,0.00035272,5.8787e-05,0.00035081,2.3161e-05
1.708,1,0,0.00035273,5.8788e-05,0.00035884,4.4546e-05
1.71,1,0,0.00035273,5.879e-05,0.0003554,7.3841e-05
1.712,1,0,0.00035273,5.8792e-05,0.00034147,6.4912e-05
1.714,1,0,0.00035274,5.8794e-05,0.00034815,4.852e-05
1.716,1,0,0.00035274,5.8795e-05,0.00034308,7.779e-05
1.718,1,0,0.00035274,5.8797e-05,0.00036729,6.4822e-05
1.72,1,0,0.00035275,5.8799e-05,0.00035333,7.5548e-05
1.722,1,0,0.00035275,5.8801e-05,0.00034371,4.7714e-05
1.724,1,0,0.00035275,5.8802e-05,0.00037623,5.4776e-05
1.726,1,0,0.00035276,5.8804e-05,0.00032341,6.7716e-05
1.728,1,0,0.00035276,5.8806e-05,0.00035247,5.6175e-05
1.73,1,0,0.00035277,5.8807e-05,0.00039667,8.0306e-05
1.732,1,0,0.00035277,5.8809e-05,0.00033671,8.6475e-05
1.734,1,0,0.00035277,5.881e-05,0.00035897,7.8151e-05
1.736,1,0,0.00035278,5.8812e-05,0.00033812,4.3595e-05
1.738,1,0,0.00035278,5.8813e-05,0.00037293,7.2554e-05
1.74,1,0,0.00035279,5.8815e-05,0.00034951,3.6981e-05
1.742,1,0,0.00035279,5.8817e-05,0.00036739,3.6807e-05
1.744,1,0,0.00035279,5.8818e-05,0.00033373,6.2785e-05
1.746,1,0,0.0003528,5.8819e-05,0.00034387,4.5885e-05
1.748,1,0,0.0003528,5.8821e-05,0.00035583,5.6586e-05
1.75,1,0,0.00035281,5.8822e-05,0.00036999,5.9868e-05
1.752,1,0,0.00035281,5.8824e-05,0.00038972,6.7422e-05
1.754,1,0,0.00035282,5.8825e-05,0.00032203,6.6173e-05
1.756,1,0,0.00035282,5.8826e-05,0.0003529,3.1137e-05
1.758,1,0,0.00035282,5.8828e-05,0.00034267,6.3255e-05
1.76,1,0,0.00035283,5.8829e-05,0.00033775,4.2156e-05
1.762,1,0,0.00035283,5.883e-05,0.00033169,7.187e-05
1.764,1,0,0.00035284,5.8832e-05,0.00032796,7.4608e-05
1.766,1,0,0.00035284,5.8833e-05,0.00033329,5.0152e-05
1.768,1,0,0.00035284,5.8834e-05,0.00035298,7.0705e-05
1.77,1,0,0.00035285,5.8835e-05,0.00036158,7.6196e-05
1.772,1,0,0.00035285,5.8836e-05,0.00036066,4.9261e-05
1.774,1,0,0.00035286,5.8837e-05,0.0003617,3.1128e-05
1.776,1,0,0.00035286,5.8838e-05,0.00033486,5.1332e-05
1.778,1,0,0.00035286,5.884e-05,0.00036715,5.3502e-05
1.78,1,0,0.00035287,5.8841e-05,0.00034503,6.675e-05
1.782,1,0,0.00035287,5.8842e-05,0.00035292,2.9582e-05
1.784,1,0,0.00035288,5.8843e-05,0.00035349,7.9835e-05
1.786,1,0,0.00035288,5.8843e-05,0.00035347,6.3935e-05
1.788,1,0,0.00035288,5.8844e-05,0.00038943,8.4844e-05
1.79,1,0,0.00035289,5.8845e-05,0.000352,6.362e-05
1.792,1,0,0.00035289,5.8846e-05,0.00035605,4.7868e-05
1.794,1,0,0.0003529,5.8847e-05,0.00034692,3.779e-05
1.796,1,0,0.0003529,5.8848e-05,0.00036216,6.6433e-05
1.798,1,0,0.0003529,5.8849e-05,0.00033184,7.2105e-05
1.8,1,0,0.00035291,5.8849e-05,0.00036153,2.9619e-05
1.802,1,0,0.00035291,5.885e-05,0.00036846,5.1502e-05
1.804,1,0,0.00035291,5.8851e-05,0.0003427,7.3872e-05
1.806,1,0,0.00035292,5.8851e-05,0.00035224,8.497e-05
1.808,1,0,0.00035292,5.8852e-05,0.00036714,4.5582e-05
1.81,1,0,0.00035293,5.8853e-05,0.00035638,6.627e-05
1.812,1,0,0.00035293,5.8853e-05,0.0003389,3.7172e-05
1.814,1,0,0.00035293,5.8854e-05,0.00034331,4.6284e-05
1.816,1,0,0.00035294,5.8854e-05,0.00033652,4.3942e-05
1.818,1,0,0.00035294,5.8855e-05,0.0003421,6.6899e-05
1.82,1,0,0.00035294,5.8855e-05,0.0003713,5.7395e-05
1.822,1,0,0.00035294,5.8856e-05,0.0003484,6.0171e-05
1.824,1,0,0.00035295,5.8856e-05,0.00035806,6.0595e-05
1.826,1,0,0.00035295,5.8856e-05,0.00034363,3.9066e-05
1.828,1,0,0.00035295,5.8857e-05,0.00035251,4.5607e-05
1.83,1,0,0.00035296,5.8857e-05,0.0003494,4.0809e-05
1.832,1,0,0.00035296,5.8857e-05,0.00034599,5.2803e-05
1.834,1,0,0.00035296,5.8858e-05,0.00038259,6.0335e-05
1.836,1,0,0.00035297,5.8858e-05,0.00036539,3.6085e-05
1.838,1,0,0.00035297,5.8858e-05,0.00034402,7.1674e-05
1.84,1,0,0.00035297,5.8858e-05,0.00038352,6.7375e-05
1.842,1,0,0.00035297,5.8859e-05,0.00036474,5.0421e-05
1.844,1,0,0.00035298,5.8859e-05,0.0003568,5.0625e-05
1.846,1,0,0.00035298,5.8859e-05,0.00035782,7.0264e-05
1.848,1,0,0.00035298,5.8859e-05,0.00035266,7.2153e-05
1.85,1,0,0.00035298,5.8859e-05,0.00033066,7.9353e-05
1.852,1,0,0.00035298,5.8859e-05,0.00034963,7.076e-05
1.854,1,0,0.00035299,5.8859e-05,0.00034693,0.00010962
1.856,1,0,0.00035299,5.8859e-05,0.00033325,6.6305e-05
1.858,1,0,0.00035299,5.8859e-05,0.00035325,6.7706e-05
1.86,1,0,0.00035299,5.8859e-05,0.00034314,4.3098e-05
1.862,1,0,0.00035299,5.8859e-05,0.00034086,7.1229e-05
1.864,1,0,0.000353,5.8859e-05,0.00036586,5.9312e-05
1.866,1,0,0.000353,5.8859e-05,0.00035636,6.823e-05
1.868,1,0,0.000353,5.8859e-05,0.00035773,5.047e-05
1.87,1,0,0.000353,5.8859e-05,0.00036947,8.3373e-05
1.872,1,0,0.000353,5.8859e-05,0.00035835,7.363e-05
1.874,1,0,0.000353,5.8858e-05,0.00034539,7.1236e-05
1.876,1,0,0.00035301,5.8858e-05,0.00036835,4.9422e-05
1.878,1,0,0.00035301,5.8858e-05,0.00033427,3.4342e-05
1.88,1,0,0.00035301,5.8858e-05,0.0003359,6.7058e-05
1.882,1,0,0.00035301,5.8858e-05,0.00034577,3.8233e-05
1.884,1,0,0.00035301,5.8857e-05,0.00035348,3.264e-05
1.886,1,0,0.00035301,5.8857e-05,0.00035047,3.5858e-05
1.888,1,0,0.00035301,5.8857e-05,0.00035063,5.2901e-05
1.89,1,0,0.00035301,5.8857e-05,0.00037645,6.0107e-05
1.892,1,0,0.00035302,5.8856e-05,0.00036725,4.2128e-05
1.894,1,0,0.00035302,5.8856e-05,0.0003517,6.5931e-05
1.896,1,0,0.00035302,5.8856e-05,0.00034135,3.9655e-05
1.898,1,0,0.00035302,5.8855e-05,0.00036568,6.8023e-05
1.9,1,0,0.00035302,5.8855e-05,0.00036927,2.5128e-05
1.902,1,0,0.00035302,5.8855e-05,0.00034153,9.0886e-05
1.904,1,0,0.00035302,5.8854e-05,0.00033986,3.5606e-05
1.906,1,0,0.00035302,5.8854e-05,0.00038075,8.3291e-05
1.908,1,0,0.00035302,5.8853e-05,0.0003618,3.7434e-05
1.91,1,0,0.00035302,5.8853e-05,0.0003651,9.3903e-05
1.912,1,0,0.00035302,5.8852e-05,0.00034381,4.7919e-05
1.914,1,0,0.00035302,5.8852e-05,0.00037342,2.1369e-05
1.916,1,0,0.00035302,5.8852e-05,0.00034818,5.5921e-05
1.918,1,0,0.00035302,5.8851e-05,0.00034216,6.4381e-05
1.92,1,0,0.00035302,5.8851e-05,0.00036243,6.3316e-05
1.922,1,0,0.00035302,5.885e-05,0.00035289,3.4203e-05
1.924,1,0,0.00035302,5.885e-05,0.0003375,5.9546e-05
1.926,1,0,0.00035302,5.8849e-05,0.00036661,5.2746e-05
1.928,1,0,0.00035302,5.8849e-05,0.00036072,8.4807e-05
1.93,1,0,0.00035302,5.8848e-05,0.00032898,6.2676e-05
1.932,1,0,0.00035302,5.8848e-05,0.00035573,6.9748e-05
1.934,1,0,0.00035302,5.8847e-05,0.00036725,5.8697e-05
1.936,1,0,0.00035302,5.8847e-05,0.00038026,5.6554e-05
1.938,1,0,0.00035302,5.8846e-05,0.000355,7.2986e-05
1.94,1,0,0.00035302,5.8846e-05,0.00035142,4.6e-05
1.942,1,0,0.00035302,5.8845e-05,0.00034534,8.6452e-05
1.944,1,0,0.00035302,5.8845e-05,0.00034367,6.5102e-05
1.946,1,0,0.00035302,5.8844e-05,0.00037538,4.5592e-05
1.948,1,0,0.00035302,5.8843e-05,0.0003385,5.034e-05
1.95,1,0,0.00035302,5.8843e-05,0.000353,9.0098e-05
1.952,1,0,0.00035302,5.8842e-05,0.00034911,6.6396e-05
1.954,1,0,0.00035302,5.8842e-05,0.00035184,4.6989e-05
1.956,1,0,0.00035302,5.8841e-05,0.00035207,6.4654e-05
1.958,1,0,0.00035302,5.8841e-05,0.00038847,5.868e-05
1.96,1,0,0.00035302,5.884e-05,0.00034227,5.8535e-05
1.962,1,0,0.00035302,5.884e-05,0.00032201,4.4236e-05
1.964,1,0,0.00035301,5.8839e-05,0.00034692,6.3933e-05
1.966,1,0,0.00035301,5.8839e-05,0.00036344,6.321e-05
1.968,1,0,0.00035301,5.8838e-05,0.0003585,8.434e-05
1.97,1,0,0.00035301,5.8837e-05,0.0003433,3.3581e-05
1.972,1,0,0.00035301,5.8837e-05,0.00035455,6.5791e-05
1.974,1,0,0.00035301,5.8836e-05,0.00034005,4.8312e-05
1.976,1,0,0.00035301,5.8836e-05,0.00033406,5.7244e-05
1.978,1,0,0.00035301,5.8835e-05,0.00036171,6.3156e-05
1.98,1,0,0.00035301,5.8835e-05,0.00035678,6.056e-05
1.982,1,0,0.00035301,5.8834e-05,0.00036521,4.2213e-05
1.984,1,0,0.00035301,5.8834e-05,0.00035886,3.9993e-05
1.986,1,0,0.000353,5.8833e-05,0.00031927,5.0021e-05
1.988,1,0,0.000353,5.8833e-05,0.00035623,5.3712e-05
1.99,1,0,0.000353,5.8832e-05,0.00035448,6.6295e-05
1.992,1,0,0.000353,5.8831e-05,0.000365,5.3766e-05
1.994,1,0,0.000353,5.8831e-05,0.00034044,3.2715e-05
1.996,1,0,0.000353,5.883e-05,0.00039439,2.5975e-05
1.998,1,0,0.000353,5.883e-05,0.00036556,3.1208e-05
2,1,0,0.000353,5.8829e-05,0.00033927,7.1666e-05
